model,country,feature,importance
LogReg,Gabon_DHS_2019_2021,hw1,0.18730611480481346
LogReg,Gabon_DHS_2019_2021,b4,0.03698129863083149
LogReg,Gabon_DHS_2019_2021,h31,0.039869005016929235
LogReg,Gabon_DHS_2019_2021,hw70,0.1539195569731304
LogReg,Gabon_DHS_2019_2021,v012,0.07974842556402956
LogReg,Gabon_DHS_2019_2021,v212,0.0476202897938869
LogReg,Gabon_DHS_2019_2021,hw72,0.0253683759116097
LogReg,Gabon_DHS_2019_2021,v190,0.07427649702010483
LogReg,Gabon_DHS_2019_2021,v040,0.10884686571320042
LogReg,Gabon_DHS_2019_2021,h22,0.07946883041536032
LogReg,Gabon_DHS_2019_2021,h11,0.00526021403335672
LogReg,Gabon_DHS_2019_2021,h43,0.027830945469578837
LogReg,Gabon_DHS_2019_2021,h34,0.011144452169516794
LogReg,Gabon_DHS_2019_2021,v191,0.114969621340186
LogReg,Gabon_DHS_2019_2021,v113,0.061076630125126964
LogReg,Gabon_DHS_2019_2021,v116,0.02329131984295224
LogReg,Gabon_DHS_2019_2021,v106,0.05168771358337956
LogReg,Gabon_DHS_2019_2021,v025,0.04376809563560691
LogReg,Gabon_DHS_2019_2021,v201,0.07273035737159238
LogReg,Gabon_DHS_2019_2021,m13,0.026265805492296256
LogReg,Gabon_DHS_2019_2021,v463z,0.003848753102289492
LogReg,Gabon_DHS_2019_2021,v151,0.02699302883891677
LightGBM,Gabon_DHS_2019_2021,hw1,0.23328936325548458
LightGBM,Gabon_DHS_2019_2021,b4,0.023900178836109166
LightGBM,Gabon_DHS_2019_2021,h31,0.019246215662902456
LightGBM,Gabon_DHS_2019_2021,hw70,0.2220259536427468
LightGBM,Gabon_DHS_2019_2021,v012,0.0801889347166511
LightGBM,Gabon_DHS_2019_2021,v212,0.08052954214031567
LightGBM,Gabon_DHS_2019_2021,hw72,0.09124623235456603
LightGBM,Gabon_DHS_2019_2021,v190,0.0032712562884119633
LightGBM,Gabon_DHS_2019_2021,v040,0.12208111874143401
LightGBM,Gabon_DHS_2019_2021,h22,0.11743348834852801
LightGBM,Gabon_DHS_2019_2021,h11,0.011250642457617518
LightGBM,Gabon_DHS_2019_2021,h43,0.022207208430429427
LightGBM,Gabon_DHS_2019_2021,h34,0.010990831752950937
LightGBM,Gabon_DHS_2019_2021,v191,0.19032666528424927
LightGBM,Gabon_DHS_2019_2021,v113,0.05613403074613427
LightGBM,Gabon_DHS_2019_2021,v116,0.028810883238331225
LightGBM,Gabon_DHS_2019_2021,v106,0.024252208599583342
LightGBM,Gabon_DHS_2019_2021,v025,0.046190023972785196
LightGBM,Gabon_DHS_2019_2021,v201,0.10070682913189713
LightGBM,Gabon_DHS_2019_2021,m13,0.020089330650487083
LightGBM,Gabon_DHS_2019_2021,v463z,0.014235762266778154
LightGBM,Gabon_DHS_2019_2021,v151,0.024558313217865984
XGBoost,Gabon_DHS_2019_2021,hw1,0.21873904764652252
XGBoost,Gabon_DHS_2019_2021,b4,0.007828859612345695
XGBoost,Gabon_DHS_2019_2021,h31,0.018644293770194054
XGBoost,Gabon_DHS_2019_2021,hw70,0.19696825742721558
XGBoost,Gabon_DHS_2019_2021,v012,0.04026614874601364
XGBoost,Gabon_DHS_2019_2021,v212,0.0641249269247055
XGBoost,Gabon_DHS_2019_2021,hw72,0.041253428906202316
XGBoost,Gabon_DHS_2019_2021,v190,0.0019587876740843058
XGBoost,Gabon_DHS_2019_2021,v040,0.08172310888767242
XGBoost,Gabon_DHS_2019_2021,h22,0.1013663113117218
XGBoost,Gabon_DHS_2019_2021,h11,0.0029527146834880114
XGBoost,Gabon_DHS_2019_2021,h43,0.010386900044977665
XGBoost,Gabon_DHS_2019_2021,h34,0.0029964663553982973
XGBoost,Gabon_DHS_2019_2021,v191,0.19644078612327576
XGBoost,Gabon_DHS_2019_2021,v113,0.024050384759902954
XGBoost,Gabon_DHS_2019_2021,v116,0.010312280617654324
XGBoost,Gabon_DHS_2019_2021,v106,0.014467653818428516
XGBoost,Gabon_DHS_2019_2021,v025,0.016412945464253426
XGBoost,Gabon_DHS_2019_2021,v201,0.05434008687734604
XGBoost,Gabon_DHS_2019_2021,m13,0.008268950507044792
XGBoost,Gabon_DHS_2019_2021,v463z,0.006857090163975954
XGBoost,Gabon_DHS_2019_2021,v151,0.006412002258002758
TabPFN,Gabon_DHS_2019_2021,hw1,0.0003200643457524466
TabPFN,Gabon_DHS_2019_2021,b4,-0.00015624331005132942
TabPFN,Gabon_DHS_2019_2021,h31,-0.0012306602354149154
TabPFN,Gabon_DHS_2019_2021,hw70,0.0012345159844339814
TabPFN,Gabon_DHS_2019_2021,v012,0.00013754981880551576
TabPFN,Gabon_DHS_2019_2021,v212,-0.0007747397400211797
TabPFN,Gabon_DHS_2019_2021,hw72,0.005213363784312608
TabPFN,Gabon_DHS_2019_2021,v190,-0.0027312588307527143
TabPFN,Gabon_DHS_2019_2021,v040,0.00267197345930128
TabPFN,Gabon_DHS_2019_2021,h22,-0.0019855228378339307
TabPFN,Gabon_DHS_2019_2021,h11,0.0008319047546943903
TabPFN,Gabon_DHS_2019_2021,h43,0.00022008190707978326
TabPFN,Gabon_DHS_2019_2021,h34,0.0016152494156218777
TabPFN,Gabon_DHS_2019_2021,v191,-0.00043891974698115897
TabPFN,Gabon_DHS_2019_2021,v113,-0.0015526482543569697
TabPFN,Gabon_DHS_2019_2021,v116,-0.00026274696729853273
TabPFN,Gabon_DHS_2019_2021,v106,-0.0005288006488184616
TabPFN,Gabon_DHS_2019_2021,v025,0.0026179535768008134
TabPFN,Gabon_DHS_2019_2021,v201,0.0032660981894710563
TabPFN,Gabon_DHS_2019_2021,m13,0.00021328676457263996
TabPFN,Gabon_DHS_2019_2021,v463z,5.68055434503556e-05
TabPFN,Gabon_DHS_2019_2021,v151,-0.0004109135813944231
LogReg,Malawi_DHS_2024,hw1,0.5101288617444196
LogReg,Malawi_DHS_2024,b4,0.07809134769942024
LogReg,Malawi_DHS_2024,h31,0.03232317976710024
LogReg,Malawi_DHS_2024,hw70,0.08321171256926674
LogReg,Malawi_DHS_2024,v012,0.1295412337346798
LogReg,Malawi_DHS_2024,v212,0.07337403376250404
LogReg,Malawi_DHS_2024,hw72,0.024087141068007228
LogReg,Malawi_DHS_2024,v190,0.08528541287394713
LogReg,Malawi_DHS_2024,v040,0.15403628874099645
LogReg,Malawi_DHS_2024,h22,0.12608576507843183
LogReg,Malawi_DHS_2024,h11,0.06970573832729231
LogReg,Malawi_DHS_2024,h43,0.01854248503419059
LogReg,Malawi_DHS_2024,h34,0.03435101138210238
LogReg,Malawi_DHS_2024,v191,0.08130174308437338
LogReg,Malawi_DHS_2024,v113,0.029202168145424222
LogReg,Malawi_DHS_2024,v116,0.0008737112736562938
LogReg,Malawi_DHS_2024,v106,0.05365567307574831
LogReg,Malawi_DHS_2024,v025,0.015473607776270059
LogReg,Malawi_DHS_2024,v201,0.06040089318584902
LogReg,Malawi_DHS_2024,m13,0.010900504457991556
LogReg,Malawi_DHS_2024,v463z,0.01307205346525357
LogReg,Malawi_DHS_2024,v151,0.01873753999498865
LightGBM,Malawi_DHS_2024,hw1,0.5852238578755885
LightGBM,Malawi_DHS_2024,b4,0.04707244396081858
LightGBM,Malawi_DHS_2024,h31,0.013261482837723548
LightGBM,Malawi_DHS_2024,hw70,0.10039102645185936
LightGBM,Malawi_DHS_2024,v012,0.08660974436967435
LightGBM,Malawi_DHS_2024,v212,0.05981993097731042
LightGBM,Malawi_DHS_2024,hw72,0.05806683192433825
LightGBM,Malawi_DHS_2024,v190,0.015594546646272762
LightGBM,Malawi_DHS_2024,v040,0.154369584566443
LightGBM,Malawi_DHS_2024,h22,0.08810486230937958
LightGBM,Malawi_DHS_2024,h11,0.04530019528610104
LightGBM,Malawi_DHS_2024,h43,0.01241512169176756
LightGBM,Malawi_DHS_2024,h34,0.0332031562813127
LightGBM,Malawi_DHS_2024,v191,0.06744525880410654
LightGBM,Malawi_DHS_2024,v113,0.03616156281694258
LightGBM,Malawi_DHS_2024,v116,0.045758754104064166
LightGBM,Malawi_DHS_2024,v106,0.02090600473260982
LightGBM,Malawi_DHS_2024,v025,0.009999040235836157
LightGBM,Malawi_DHS_2024,v201,0.018861998754242045
LightGBM,Malawi_DHS_2024,m13,0.018079268986953268
LightGBM,Malawi_DHS_2024,v463z,0.007340684279681816
LightGBM,Malawi_DHS_2024,v151,0.01823108582935233
XGBoost,Malawi_DHS_2024,hw1,0.5189754366874695
XGBoost,Malawi_DHS_2024,b4,0.03600357845425606
XGBoost,Malawi_DHS_2024,h31,0.0
XGBoost,Malawi_DHS_2024,hw70,0.07003558427095413
XGBoost,Malawi_DHS_2024,v012,0.05717053264379501
XGBoost,Malawi_DHS_2024,v212,0.020516546443104744
XGBoost,Malawi_DHS_2024,hw72,0.014433283358812332
XGBoost,Malawi_DHS_2024,v190,0.003836578456684947
XGBoost,Malawi_DHS_2024,v040,0.10890031605958939
XGBoost,Malawi_DHS_2024,h22,0.06954702734947205
XGBoost,Malawi_DHS_2024,h11,0.03943889960646629
XGBoost,Malawi_DHS_2024,h43,0.0010550337610766292
XGBoost,Malawi_DHS_2024,h34,0.02338016778230667
XGBoost,Malawi_DHS_2024,v191,0.042813681066036224
XGBoost,Malawi_DHS_2024,v113,0.016369502991437912
XGBoost,Malawi_DHS_2024,v116,0.01485753059387207
XGBoost,Malawi_DHS_2024,v106,0.002483271062374115
XGBoost,Malawi_DHS_2024,v025,0.0029952239710837603
XGBoost,Malawi_DHS_2024,v201,0.0011472497135400772
XGBoost,Malawi_DHS_2024,m13,0.0024116162676364183
XGBoost,Malawi_DHS_2024,v463z,0.0038373898714780807
XGBoost,Malawi_DHS_2024,v151,0.0016462452476844192
TabPFN,Malawi_DHS_2024,hw1,0.10100520498201346
TabPFN,Malawi_DHS_2024,b4,-0.006893931199901093
TabPFN,Malawi_DHS_2024,h31,0.002006666886695907
TabPFN,Malawi_DHS_2024,hw70,0.007156247446934216
TabPFN,Malawi_DHS_2024,v012,-0.004579776109170708
TabPFN,Malawi_DHS_2024,v212,-0.0005675916932169622
TabPFN,Malawi_DHS_2024,hw72,-0.0013682393256497782
TabPFN,Malawi_DHS_2024,v190,0.0024833253635471175
TabPFN,Malawi_DHS_2024,v040,-0.0021513434956995426
TabPFN,Malawi_DHS_2024,h22,-0.0009241729672428533
TabPFN,Malawi_DHS_2024,h11,0.0010942128494505043
TabPFN,Malawi_DHS_2024,h43,-0.0005099490093436687
TabPFN,Malawi_DHS_2024,h34,-0.0018132189521369523
TabPFN,Malawi_DHS_2024,v191,-0.003108379416342588
TabPFN,Malawi_DHS_2024,v113,0.002431869212453375
TabPFN,Malawi_DHS_2024,v116,-0.005247318154395608
TabPFN,Malawi_DHS_2024,v106,-0.0014961542057253085
TabPFN,Malawi_DHS_2024,v025,-0.00225188495120896
TabPFN,Malawi_DHS_2024,v201,-0.008031113345486608
TabPFN,Malawi_DHS_2024,m13,-0.00046856515121032063
TabPFN,Malawi_DHS_2024,v463z,-0.002323209707611862
TabPFN,Malawi_DHS_2024,v151,0.0012418748990912886
LogReg,Rwanda_DHS_2019_2020,hw1,0.3003189031531846
LogReg,Rwanda_DHS_2019_2020,b4,0.005382477382523393
LogReg,Rwanda_DHS_2019_2020,h31,0.02290743270175869
LogReg,Rwanda_DHS_2019_2020,hw70,0.03673753294521485
LogReg,Rwanda_DHS_2019_2020,v012,0.05827686752000109
LogReg,Rwanda_DHS_2019_2020,v212,0.015711917068909016
LogReg,Rwanda_DHS_2019_2020,hw72,0.016921196153473653
LogReg,Rwanda_DHS_2019_2020,v190,0.11735634507630768
LogReg,Rwanda_DHS_2019_2020,v040,0.07885220706887049
LogReg,Rwanda_DHS_2019_2020,h22,0.03863005354149295
LogReg,Rwanda_DHS_2019_2020,h11,0.027149179394777852
LogReg,Rwanda_DHS_2019_2020,h43,0.07374750127887456
LogReg,Rwanda_DHS_2019_2020,h34,0.038799757102775084
LogReg,Rwanda_DHS_2019_2020,v191,0.0011263467666697427
LogReg,Rwanda_DHS_2019_2020,v113,0.04184103384893606
LogReg,Rwanda_DHS_2019_2020,v116,0.0040645553458413565
LogReg,Rwanda_DHS_2019_2020,v106,0.011820687200556337
LogReg,Rwanda_DHS_2019_2020,v025,0.0017902204094024702
LogReg,Rwanda_DHS_2019_2020,v201,0.024493431674740863
LogReg,Rwanda_DHS_2019_2020,m13,0.002832796459621611
LogReg,Rwanda_DHS_2019_2020,v463z,0.0002694116826890073
LogReg,Rwanda_DHS_2019_2020,v151,0.026380919783216314
LightGBM,Rwanda_DHS_2019_2020,hw1,0.43932314971759995
LightGBM,Rwanda_DHS_2019_2020,b4,0.02655641085477967
LightGBM,Rwanda_DHS_2019_2020,h31,0.024265600617312564
LightGBM,Rwanda_DHS_2019_2020,hw70,0.10909529749742997
LightGBM,Rwanda_DHS_2019_2020,v012,0.07273615713343641
LightGBM,Rwanda_DHS_2019_2020,v212,0.0613026064109895
LightGBM,Rwanda_DHS_2019_2020,hw72,0.08881256244020058
LightGBM,Rwanda_DHS_2019_2020,v190,0.012700403172122884
LightGBM,Rwanda_DHS_2019_2020,v040,0.17130282401709013
LightGBM,Rwanda_DHS_2019_2020,h22,0.05125402923552823
LightGBM,Rwanda_DHS_2019_2020,h11,0.029977398380515923
LightGBM,Rwanda_DHS_2019_2020,h43,0.09609751674010779
LightGBM,Rwanda_DHS_2019_2020,h34,0.06674157432169103
LightGBM,Rwanda_DHS_2019_2020,v191,0.13535264621887882
LightGBM,Rwanda_DHS_2019_2020,v113,0.056736022545311335
LightGBM,Rwanda_DHS_2019_2020,v116,0.035788653152181465
LightGBM,Rwanda_DHS_2019_2020,v106,0.02142276067304143
LightGBM,Rwanda_DHS_2019_2020,v025,0.015595869103421056
LightGBM,Rwanda_DHS_2019_2020,v201,0.05008455300869202
LightGBM,Rwanda_DHS_2019_2020,m13,0.019662486200681104
LightGBM,Rwanda_DHS_2019_2020,v463z,0.0
LightGBM,Rwanda_DHS_2019_2020,v151,0.027382458839979407
XGBoost,Rwanda_DHS_2019_2020,hw1,0.42172229290008545
XGBoost,Rwanda_DHS_2019_2020,b4,0.011751782149076462
XGBoost,Rwanda_DHS_2019_2020,h31,0.01666007563471794
XGBoost,Rwanda_DHS_2019_2020,hw70,0.1338392049074173
XGBoost,Rwanda_DHS_2019_2020,v012,0.07150106877088547
XGBoost,Rwanda_DHS_2019_2020,v212,0.06261222064495087
XGBoost,Rwanda_DHS_2019_2020,hw72,0.1396360546350479
XGBoost,Rwanda_DHS_2019_2020,v190,0.0010086259571835399
XGBoost,Rwanda_DHS_2019_2020,v040,0.20943541824817657
XGBoost,Rwanda_DHS_2019_2020,h22,0.059602536261081696
XGBoost,Rwanda_DHS_2019_2020,h11,0.021744851022958755
XGBoost,Rwanda_DHS_2019_2020,h43,0.08805281668901443
XGBoost,Rwanda_DHS_2019_2020,h34,0.0661439523100853
XGBoost,Rwanda_DHS_2019_2020,v191,0.1483057737350464
XGBoost,Rwanda_DHS_2019_2020,v113,0.052465133368968964
XGBoost,Rwanda_DHS_2019_2020,v116,0.03751412779092789
XGBoost,Rwanda_DHS_2019_2020,v106,0.02144024148583412
XGBoost,Rwanda_DHS_2019_2020,v025,0.011281665414571762
XGBoost,Rwanda_DHS_2019_2020,v201,0.055661391466856
XGBoost,Rwanda_DHS_2019_2020,m13,0.021954966709017754
XGBoost,Rwanda_DHS_2019_2020,v463z,0.0
XGBoost,Rwanda_DHS_2019_2020,v151,0.03807063773274422
TabPFN,Rwanda_DHS_2019_2020,hw1,0.15585711737641997
TabPFN,Rwanda_DHS_2019_2020,b4,0.0008308422101525493
TabPFN,Rwanda_DHS_2019_2020,h31,0.01366751154337359
TabPFN,Rwanda_DHS_2019_2020,hw70,0.00924324466160512
TabPFN,Rwanda_DHS_2019_2020,v012,0.011716752404184882
TabPFN,Rwanda_DHS_2019_2020,v212,0.0034107456180060836
TabPFN,Rwanda_DHS_2019_2020,hw72,0.0004614394814031586
TabPFN,Rwanda_DHS_2019_2020,v190,0.009352286184503377
TabPFN,Rwanda_DHS_2019_2020,v040,0.0218323079979727
TabPFN,Rwanda_DHS_2019_2020,h22,-0.004154758599168284
TabPFN,Rwanda_DHS_2019_2020,h11,0.016097751266446535
TabPFN,Rwanda_DHS_2019_2020,h43,0.014938219546808362
TabPFN,Rwanda_DHS_2019_2020,h34,0.018805854072340346
TabPFN,Rwanda_DHS_2019_2020,v191,0.008567574673483801
TabPFN,Rwanda_DHS_2019_2020,v113,0.0024969460039159118
TabPFN,Rwanda_DHS_2019_2020,v116,0.001058578767613416
TabPFN,Rwanda_DHS_2019_2020,v106,0.0008308422101525493
TabPFN,Rwanda_DHS_2019_2020,v025,-0.0016485312454742273
TabPFN,Rwanda_DHS_2019_2020,v201,0.004613327950603874
TabPFN,Rwanda_DHS_2019_2020,m13,0.0006868534573019946
TabPFN,Rwanda_DHS_2019_2020,v463z,-0.0008264578185422589
TabPFN,Rwanda_DHS_2019_2020,v151,0.003323368840610197
LogReg,Sierra_Leone_DHS_2019,hw1,0.25450675436237724
LogReg,Sierra_Leone_DHS_2019,b4,0.07286559417193265
LogReg,Sierra_Leone_DHS_2019,h31,0.01582038003628651
LogReg,Sierra_Leone_DHS_2019,hw70,0.08912492770649505
LogReg,Sierra_Leone_DHS_2019,v012,0.09925248836408077
LogReg,Sierra_Leone_DHS_2019,v212,0.0049223540167715575
LogReg,Sierra_Leone_DHS_2019,hw72,0.0017898100119210494
LogReg,Sierra_Leone_DHS_2019,v190,0.014302780477758913
LogReg,Sierra_Leone_DHS_2019,v040,0.023351493562762688
LogReg,Sierra_Leone_DHS_2019,h22,0.021279887876966885
LogReg,Sierra_Leone_DHS_2019,h11,0.0031467878887579525
LogReg,Sierra_Leone_DHS_2019,h43,0.03739672763756572
LogReg,Sierra_Leone_DHS_2019,h34,0.011908588580132941
LogReg,Sierra_Leone_DHS_2019,v191,0.13436955069605272
LogReg,Sierra_Leone_DHS_2019,v113,0.0011211414430586763
LogReg,Sierra_Leone_DHS_2019,v116,0.02071231340837914
LogReg,Sierra_Leone_DHS_2019,v106,0.1313856948482159
LogReg,Sierra_Leone_DHS_2019,v025,0.046398189690782604
LogReg,Sierra_Leone_DHS_2019,v201,0.006656287614716574
LogReg,Sierra_Leone_DHS_2019,m13,0.01626009551306838
LogReg,Sierra_Leone_DHS_2019,v463z,0.002262441219221784
LogReg,Sierra_Leone_DHS_2019,v151,0.020404922883827416
LightGBM,Sierra_Leone_DHS_2019,hw1,0.3072249682659095
LightGBM,Sierra_Leone_DHS_2019,b4,0.08533662756321628
LightGBM,Sierra_Leone_DHS_2019,h31,0.014690927677663064
LightGBM,Sierra_Leone_DHS_2019,hw70,0.15976031336636431
LightGBM,Sierra_Leone_DHS_2019,v012,0.14805665870235066
LightGBM,Sierra_Leone_DHS_2019,v212,0.05726186986013963
LightGBM,Sierra_Leone_DHS_2019,hw72,0.09806676376184764
LightGBM,Sierra_Leone_DHS_2019,v190,0.03784362041065526
LightGBM,Sierra_Leone_DHS_2019,v040,0.0873085579835903
LightGBM,Sierra_Leone_DHS_2019,h22,0.02678712212204587
LightGBM,Sierra_Leone_DHS_2019,h11,0.0056524527939953075
LightGBM,Sierra_Leone_DHS_2019,h43,0.04677057122384278
LightGBM,Sierra_Leone_DHS_2019,h34,0.0362979516787948
LightGBM,Sierra_Leone_DHS_2019,v191,0.1808864909569235
LightGBM,Sierra_Leone_DHS_2019,v113,0.0676237663614002
LightGBM,Sierra_Leone_DHS_2019,v116,0.03998330358979377
LightGBM,Sierra_Leone_DHS_2019,v106,0.12480833394711498
LightGBM,Sierra_Leone_DHS_2019,v025,0.07558987877998688
LightGBM,Sierra_Leone_DHS_2019,v201,0.05274535198106353
LightGBM,Sierra_Leone_DHS_2019,m13,0.04731012537743982
LightGBM,Sierra_Leone_DHS_2019,v463z,0.009177632115816875
LightGBM,Sierra_Leone_DHS_2019,v151,0.02553718847809327
XGBoost,Sierra_Leone_DHS_2019,hw1,0.26904088258743286
XGBoost,Sierra_Leone_DHS_2019,b4,0.06962168961763382
XGBoost,Sierra_Leone_DHS_2019,h31,0.0
XGBoost,Sierra_Leone_DHS_2019,hw70,0.11761794984340668
XGBoost,Sierra_Leone_DHS_2019,v012,0.1054665669798851
XGBoost,Sierra_Leone_DHS_2019,v212,0.0166225153952837
XGBoost,Sierra_Leone_DHS_2019,hw72,0.051508937031030655
XGBoost,Sierra_Leone_DHS_2019,v190,0.0005222586332820356
XGBoost,Sierra_Leone_DHS_2019,v040,0.0360553115606308
XGBoost,Sierra_Leone_DHS_2019,h22,0.018756024539470673
XGBoost,Sierra_Leone_DHS_2019,h11,0.0
XGBoost,Sierra_Leone_DHS_2019,h43,0.007240868639200926
XGBoost,Sierra_Leone_DHS_2019,h34,0.015623546205461025
XGBoost,Sierra_Leone_DHS_2019,v191,0.19472640752792358
XGBoost,Sierra_Leone_DHS_2019,v113,0.030340930446982384
XGBoost,Sierra_Leone_DHS_2019,v116,0.014409461989998817
XGBoost,Sierra_Leone_DHS_2019,v106,0.1010168045759201
XGBoost,Sierra_Leone_DHS_2019,v025,0.04113695025444031
XGBoost,Sierra_Leone_DHS_2019,v201,0.013172329403460026
XGBoost,Sierra_Leone_DHS_2019,m13,0.027802733704447746
XGBoost,Sierra_Leone_DHS_2019,v463z,0.0
XGBoost,Sierra_Leone_DHS_2019,v151,0.010124623775482178
TabPFN,Sierra_Leone_DHS_2019,hw1,0.0023002838677341096
TabPFN,Sierra_Leone_DHS_2019,b4,-0.0012393760034400847
TabPFN,Sierra_Leone_DHS_2019,h31,-0.0001294089413680144
TabPFN,Sierra_Leone_DHS_2019,hw70,-0.004628341860560048
TabPFN,Sierra_Leone_DHS_2019,v012,0.0008384348646832019
TabPFN,Sierra_Leone_DHS_2019,v212,-0.0012673529453569809
TabPFN,Sierra_Leone_DHS_2019,hw72,-0.0001943237772139117
TabPFN,Sierra_Leone_DHS_2019,v190,-0.0009338210444779449
TabPFN,Sierra_Leone_DHS_2019,v040,0.0006162811049944761
TabPFN,Sierra_Leone_DHS_2019,h22,0.0004916234668900455
TabPFN,Sierra_Leone_DHS_2019,h11,-0.00041277696461727853
TabPFN,Sierra_Leone_DHS_2019,h43,-0.0020475378064049197
TabPFN,Sierra_Leone_DHS_2019,h34,2.4260957690636075e-05
TabPFN,Sierra_Leone_DHS_2019,v191,-0.004675772763625541
TabPFN,Sierra_Leone_DHS_2019,v113,-0.0017800124407720164
TabPFN,Sierra_Leone_DHS_2019,v116,-0.002362442865290282
TabPFN,Sierra_Leone_DHS_2019,v106,-0.0003319254088649748
TabPFN,Sierra_Leone_DHS_2019,v025,2.2121616631887164e-05
TabPFN,Sierra_Leone_DHS_2019,v201,0.0019962410276828544
TabPFN,Sierra_Leone_DHS_2019,m13,-0.0011101362376950475
TabPFN,Sierra_Leone_DHS_2019,v463z,-0.0008259134910504118
TabPFN,Sierra_Leone_DHS_2019,v151,-0.0012899082051841758
LogReg,Haiti_DHS_2016-2017,hw1,0.3921285226738515
LogReg,Haiti_DHS_2016-2017,b4,0.021218340646340067
LogReg,Haiti_DHS_2016-2017,h31,0.013253278849963437
LogReg,Haiti_DHS_2016-2017,hw70,0.11252894305170233
LogReg,Haiti_DHS_2016-2017,v012,0.02965046823461294
LogReg,Haiti_DHS_2016-2017,v212,0.06049931823026075
LogReg,Haiti_DHS_2016-2017,hw72,0.009156599132686561
LogReg,Haiti_DHS_2016-2017,v190,0.13597868266113655
LogReg,Haiti_DHS_2016-2017,v040,0.12686213140527366
LogReg,Haiti_DHS_2016-2017,h22,0.002300560563602668
LogReg,Haiti_DHS_2016-2017,h11,0.05114369817119094
LogReg,Haiti_DHS_2016-2017,h43,0.025183997746083424
LogReg,Haiti_DHS_2016-2017,h34,0.004478691323054346
LogReg,Haiti_DHS_2016-2017,v191,0.09110920752386156
LogReg,Haiti_DHS_2016-2017,v113,0.018046175975481915
LogReg,Haiti_DHS_2016-2017,v116,0.0981046840771668
LogReg,Haiti_DHS_2016-2017,v106,0.04252035888119837
LogReg,Haiti_DHS_2016-2017,v025,0.02155297013993505
LogReg,Haiti_DHS_2016-2017,v201,0.004567101205062124
LogReg,Haiti_DHS_2016-2017,m13,0.0038274437850697746
LogReg,Haiti_DHS_2016-2017,v463z,0.008993272806924075
LogReg,Haiti_DHS_2016-2017,v151,0.016089099221928478
LightGBM,Haiti_DHS_2016-2017,hw1,0.47101290196959456
LightGBM,Haiti_DHS_2016-2017,b4,0.026154039840163058
LightGBM,Haiti_DHS_2016-2017,h31,0.016871984858565357
LightGBM,Haiti_DHS_2016-2017,hw70,0.1535665111508689
LightGBM,Haiti_DHS_2016-2017,v012,0.08033897175813162
LightGBM,Haiti_DHS_2016-2017,v212,0.05342700709748971
LightGBM,Haiti_DHS_2016-2017,hw72,0.050863713746712044
LightGBM,Haiti_DHS_2016-2017,v190,0.009244998777034372
LightGBM,Haiti_DHS_2016-2017,v040,0.2097858409774821
LightGBM,Haiti_DHS_2016-2017,h22,0.0075624956381533685
LightGBM,Haiti_DHS_2016-2017,h11,0.07134315671971271
LightGBM,Haiti_DHS_2016-2017,h43,0.030025813864208
LightGBM,Haiti_DHS_2016-2017,h34,0.01596210209934599
LightGBM,Haiti_DHS_2016-2017,v191,0.07741438888042292
LightGBM,Haiti_DHS_2016-2017,v113,0.02553580409145998
LightGBM,Haiti_DHS_2016-2017,v116,0.041081962159090185
LightGBM,Haiti_DHS_2016-2017,v106,0.043527384656599666
LightGBM,Haiti_DHS_2016-2017,v025,0.008820613829329783
LightGBM,Haiti_DHS_2016-2017,v201,0.06900835100287224
LightGBM,Haiti_DHS_2016-2017,m13,0.05444760535366365
LightGBM,Haiti_DHS_2016-2017,v463z,0.01216163692091586
LightGBM,Haiti_DHS_2016-2017,v151,0.010490898323893803
XGBoost,Haiti_DHS_2016-2017,hw1,0.4147101044654846
XGBoost,Haiti_DHS_2016-2017,b4,0.0057324920780956745
XGBoost,Haiti_DHS_2016-2017,h31,0.0005976564134471118
XGBoost,Haiti_DHS_2016-2017,hw70,0.12744756042957306
XGBoost,Haiti_DHS_2016-2017,v012,0.04853079468011856
XGBoost,Haiti_DHS_2016-2017,v212,0.03622228652238846
XGBoost,Haiti_DHS_2016-2017,hw72,0.02425321750342846
XGBoost,Haiti_DHS_2016-2017,v190,0.0
XGBoost,Haiti_DHS_2016-2017,v040,0.17524701356887817
XGBoost,Haiti_DHS_2016-2017,h22,0.0007778487633913755
XGBoost,Haiti_DHS_2016-2017,h11,0.04190296307206154
XGBoost,Haiti_DHS_2016-2017,h43,0.01657070219516754
XGBoost,Haiti_DHS_2016-2017,h34,0.001902773859910667
XGBoost,Haiti_DHS_2016-2017,v191,0.05858466029167175
XGBoost,Haiti_DHS_2016-2017,v113,0.005445363000035286
XGBoost,Haiti_DHS_2016-2017,v116,0.012788493186235428
XGBoost,Haiti_DHS_2016-2017,v106,0.02255924977362156
XGBoost,Haiti_DHS_2016-2017,v025,0.00650401646271348
XGBoost,Haiti_DHS_2016-2017,v201,0.05041353031992912
XGBoost,Haiti_DHS_2016-2017,m13,0.028338827192783356
XGBoost,Haiti_DHS_2016-2017,v463z,0.0004473232838790864
XGBoost,Haiti_DHS_2016-2017,v151,0.0013547430280596018
TabPFN,Haiti_DHS_2016-2017,hw1,0.028199864818152575
TabPFN,Haiti_DHS_2016-2017,b4,-0.0022804366386957485
TabPFN,Haiti_DHS_2016-2017,h31,3.239230569715978e-05
TabPFN,Haiti_DHS_2016-2017,hw70,-0.0023990303330541527
TabPFN,Haiti_DHS_2016-2017,v012,-0.0016372688275738013
TabPFN,Haiti_DHS_2016-2017,v212,-0.0001441919019311122
TabPFN,Haiti_DHS_2016-2017,hw72,-0.0016499509366153075
TabPFN,Haiti_DHS_2016-2017,v190,-0.0009537117193224142
TabPFN,Haiti_DHS_2016-2017,v040,0.004295238750192864
TabPFN,Haiti_DHS_2016-2017,h22,-0.0006513823362304328
TabPFN,Haiti_DHS_2016-2017,h11,-0.0015800212289556858
TabPFN,Haiti_DHS_2016-2017,h43,-0.00014376649498100137
TabPFN,Haiti_DHS_2016-2017,h34,-0.0009519854937264371
TabPFN,Haiti_DHS_2016-2017,v191,-0.0014388098823006513
TabPFN,Haiti_DHS_2016-2017,v113,-0.000770210044214914
TabPFN,Haiti_DHS_2016-2017,v116,-0.0024790266061791577
TabPFN,Haiti_DHS_2016-2017,v106,0.0007465797674477192
TabPFN,Haiti_DHS_2016-2017,v025,-0.0009805268217915053
TabPFN,Haiti_DHS_2016-2017,v201,0.0009364463058818106
TabPFN,Haiti_DHS_2016-2017,m13,0.0009278309331405499
TabPFN,Haiti_DHS_2016-2017,v463z,-0.00022507797620212598
TabPFN,Haiti_DHS_2016-2017,v151,-0.0007632054125161991
LogReg,Jordan_DHS_2023,hw1,0.2462651691229503
LogReg,Jordan_DHS_2023,b4,0.030023625327986032
LogReg,Jordan_DHS_2023,h31,0.024922205369518544
LogReg,Jordan_DHS_2023,hw70,0.1167686000217877
LogReg,Jordan_DHS_2023,v012,0.07250366243441284
LogReg,Jordan_DHS_2023,v212,0.03136314733410727
LogReg,Jordan_DHS_2023,hw72,0.0016980715048957049
LogReg,Jordan_DHS_2023,v190,0.04242604642232766
LogReg,Jordan_DHS_2023,v040,0.14773410058631198
LogReg,Jordan_DHS_2023,h22,0.001266142459854539
LogReg,Jordan_DHS_2023,h11,0.0010727324211542617
LogReg,Jordan_DHS_2023,h43,0.0
LogReg,Jordan_DHS_2023,h34,0.0
LogReg,Jordan_DHS_2023,v191,0.07655785195289083
LogReg,Jordan_DHS_2023,v113,0.03142265244076741
LogReg,Jordan_DHS_2023,v116,0.061307907752298225
LogReg,Jordan_DHS_2023,v106,0.006870395408068785
LogReg,Jordan_DHS_2023,v025,0.009471321517762822
LogReg,Jordan_DHS_2023,v201,0.0025819715079093337
LogReg,Jordan_DHS_2023,m13,0.0015415207338132515
LogReg,Jordan_DHS_2023,v463z,0.010338509398253051
LogReg,Jordan_DHS_2023,v151,0.01232174359211264
LightGBM,Jordan_DHS_2023,hw1,0.6658799118561946
LightGBM,Jordan_DHS_2023,b4,0.07507500627049186
LightGBM,Jordan_DHS_2023,h31,0.07009057869805738
LightGBM,Jordan_DHS_2023,hw70,0.3505587167170059
LightGBM,Jordan_DHS_2023,v012,0.24521983945186715
LightGBM,Jordan_DHS_2023,v212,0.24888341972401573
LightGBM,Jordan_DHS_2023,hw72,0.25689697450733934
LightGBM,Jordan_DHS_2023,v190,0.01725154465212091
LightGBM,Jordan_DHS_2023,v040,0.41217698939969094
LightGBM,Jordan_DHS_2023,h22,0.03776020245505451
LightGBM,Jordan_DHS_2023,h11,0.05087402327668703
LightGBM,Jordan_DHS_2023,h43,0.0
LightGBM,Jordan_DHS_2023,h34,0.0
LightGBM,Jordan_DHS_2023,v191,0.30739446370206697
LightGBM,Jordan_DHS_2023,v113,0.11493207054999648
LightGBM,Jordan_DHS_2023,v116,0.21112607330807848
LightGBM,Jordan_DHS_2023,v106,0.09035478821157714
LightGBM,Jordan_DHS_2023,v025,0.04583265876178588
LightGBM,Jordan_DHS_2023,v201,0.14446945521378865
LightGBM,Jordan_DHS_2023,m13,0.06905353055376649
LightGBM,Jordan_DHS_2023,v463z,0.07402164094875856
LightGBM,Jordan_DHS_2023,v151,0.03424955941990947
XGBoost,Jordan_DHS_2023,hw1,0.4043431878089905
XGBoost,Jordan_DHS_2023,b4,0.04524298012256622
XGBoost,Jordan_DHS_2023,h31,0.04398816078901291
XGBoost,Jordan_DHS_2023,hw70,0.23245851695537567
XGBoost,Jordan_DHS_2023,v012,0.11818522959947586
XGBoost,Jordan_DHS_2023,v212,0.13295161724090576
XGBoost,Jordan_DHS_2023,hw72,0.13574855029582977
XGBoost,Jordan_DHS_2023,v190,0.0066982051357626915
XGBoost,Jordan_DHS_2023,v040,0.2514882981777191
XGBoost,Jordan_DHS_2023,h22,0.013332009315490723
XGBoost,Jordan_DHS_2023,h11,0.028751375153660774
XGBoost,Jordan_DHS_2023,h43,0.0
XGBoost,Jordan_DHS_2023,h34,0.0
XGBoost,Jordan_DHS_2023,v191,0.2022947520017624
XGBoost,Jordan_DHS_2023,v113,0.048620689660310745
XGBoost,Jordan_DHS_2023,v116,0.14420320093631744
XGBoost,Jordan_DHS_2023,v106,0.047988083213567734
XGBoost,Jordan_DHS_2023,v025,0.0222796443849802
XGBoost,Jordan_DHS_2023,v201,0.08461757749319077
XGBoost,Jordan_DHS_2023,m13,0.028524931520223618
XGBoost,Jordan_DHS_2023,v463z,0.02580299973487854
XGBoost,Jordan_DHS_2023,v151,0.029127907007932663
TabPFN,Jordan_DHS_2023,hw1,0.08609114303990402
TabPFN,Jordan_DHS_2023,b4,0.005161943319838047
TabPFN,Jordan_DHS_2023,h31,0.004183599747458022
TabPFN,Jordan_DHS_2023,hw70,-0.010945113280879725
TabPFN,Jordan_DHS_2023,v012,0.018954124107790106
TabPFN,Jordan_DHS_2023,v212,0.0032129710943105683
TabPFN,Jordan_DHS_2023,hw72,0.01047720002333794
TabPFN,Jordan_DHS_2023,v190,0.0026407778543221516
TabPFN,Jordan_DHS_2023,v040,0.06354337864277662
TabPFN,Jordan_DHS_2023,h22,-0.0016898940777850702
TabPFN,Jordan_DHS_2023,h11,-0.004622256103691292
TabPFN,Jordan_DHS_2023,h43,0.0
TabPFN,Jordan_DHS_2023,h34,0.0
TabPFN,Jordan_DHS_2023,v191,0.02938404666763513
TabPFN,Jordan_DHS_2023,v113,0.00983448446178684
TabPFN,Jordan_DHS_2023,v116,-0.013532803256202642
TabPFN,Jordan_DHS_2023,v106,-0.007866682595972719
TabPFN,Jordan_DHS_2023,v025,-0.0038343262755040296
TabPFN,Jordan_DHS_2023,v201,-0.009044394690814339
TabPFN,Jordan_DHS_2023,m13,-0.010557095599538591
TabPFN,Jordan_DHS_2023,v463z,0.0006577486967849433
TabPFN,Jordan_DHS_2023,v151,0.004154973000460971
LogReg,Armenia_DHS_2015-2016,hw1,0.5897544378089359
LogReg,Armenia_DHS_2015-2016,b4,0.09962685905588374
LogReg,Armenia_DHS_2015-2016,h31,0.0017214071840428399
LogReg,Armenia_DHS_2015-2016,hw70,0.034988214797859137
LogReg,Armenia_DHS_2015-2016,v012,0.006281431179480075
LogReg,Armenia_DHS_2015-2016,v212,0.10116682143038057
LogReg,Armenia_DHS_2015-2016,hw72,0.029984499152551945
LogReg,Armenia_DHS_2015-2016,v190,0.06920347670876867
LogReg,Armenia_DHS_2015-2016,v040,0.5546161283659193
LogReg,Armenia_DHS_2015-2016,h22,0.05891470063980636
LogReg,Armenia_DHS_2015-2016,h11,0.008575079411132681
LogReg,Armenia_DHS_2015-2016,h43,0.0
LogReg,Armenia_DHS_2015-2016,h34,0.0
LogReg,Armenia_DHS_2015-2016,v191,0.016230008447308916
LogReg,Armenia_DHS_2015-2016,v113,0.10298281920116455
LogReg,Armenia_DHS_2015-2016,v116,0.020889171143153362
LogReg,Armenia_DHS_2015-2016,v106,0.18229537164769424
LogReg,Armenia_DHS_2015-2016,v025,0.007279936600306796
LogReg,Armenia_DHS_2015-2016,v201,0.04182293202933163
LogReg,Armenia_DHS_2015-2016,m13,0.19899784662503484
LogReg,Armenia_DHS_2015-2016,v463z,0.0
LogReg,Armenia_DHS_2015-2016,v151,0.04102133753095591
LightGBM,Armenia_DHS_2015-2016,hw1,1.0894511859754703
LightGBM,Armenia_DHS_2015-2016,b4,0.08897245995269583
LightGBM,Armenia_DHS_2015-2016,h31,0.023743122191004
LightGBM,Armenia_DHS_2015-2016,hw70,0.3588217041955869
LightGBM,Armenia_DHS_2015-2016,v012,0.2647826879275803
LightGBM,Armenia_DHS_2015-2016,v212,0.2947702670362467
LightGBM,Armenia_DHS_2015-2016,hw72,0.44782963828114253
LightGBM,Armenia_DHS_2015-2016,v190,0.04279927073711505
LightGBM,Armenia_DHS_2015-2016,v040,1.1937805147445746
LightGBM,Armenia_DHS_2015-2016,h22,0.09041479765911449
LightGBM,Armenia_DHS_2015-2016,h11,0.024537206648640664
LightGBM,Armenia_DHS_2015-2016,h43,0.0
LightGBM,Armenia_DHS_2015-2016,h34,0.0
LightGBM,Armenia_DHS_2015-2016,v191,0.3279463502907908
LightGBM,Armenia_DHS_2015-2016,v113,0.24323148913485343
LightGBM,Armenia_DHS_2015-2016,v116,0.07709725928808275
LightGBM,Armenia_DHS_2015-2016,v106,0.17963999104278042
LightGBM,Armenia_DHS_2015-2016,v025,0.046877469435569905
LightGBM,Armenia_DHS_2015-2016,v201,0.11400016439631556
LightGBM,Armenia_DHS_2015-2016,m13,0.16268757931692662
LightGBM,Armenia_DHS_2015-2016,v463z,0.0
LightGBM,Armenia_DHS_2015-2016,v151,0.05576868174879561
XGBoost,Armenia_DHS_2015-2016,hw1,0.8344703912734985
XGBoost,Armenia_DHS_2015-2016,b4,0.0857825055718422
XGBoost,Armenia_DHS_2015-2016,h31,0.041469261050224304
XGBoost,Armenia_DHS_2015-2016,hw70,0.31932052969932556
XGBoost,Armenia_DHS_2015-2016,v012,0.1893855482339859
XGBoost,Armenia_DHS_2015-2016,v212,0.3218715488910675
XGBoost,Armenia_DHS_2015-2016,hw72,0.41578006744384766
XGBoost,Armenia_DHS_2015-2016,v190,0.021585172042250633
XGBoost,Armenia_DHS_2015-2016,v040,0.933792769908905
XGBoost,Armenia_DHS_2015-2016,h22,0.043243251740932465
XGBoost,Armenia_DHS_2015-2016,h11,0.034940414130687714
XGBoost,Armenia_DHS_2015-2016,h43,0.0
XGBoost,Armenia_DHS_2015-2016,h34,0.0
XGBoost,Armenia_DHS_2015-2016,v191,0.32674121856689453
XGBoost,Armenia_DHS_2015-2016,v113,0.20326340198516846
XGBoost,Armenia_DHS_2015-2016,v116,0.06998740881681442
XGBoost,Armenia_DHS_2015-2016,v106,0.18011127412319183
XGBoost,Armenia_DHS_2015-2016,v025,0.02558036334812641
XGBoost,Armenia_DHS_2015-2016,v201,0.10372762382030487
XGBoost,Armenia_DHS_2015-2016,m13,0.11024022102355957
XGBoost,Armenia_DHS_2015-2016,v463z,0.0
XGBoost,Armenia_DHS_2015-2016,v151,0.04425802081823349
TabPFN,Armenia_DHS_2015-2016,hw1,0.0
TabPFN,Armenia_DHS_2015-2016,b4,0.0
TabPFN,Armenia_DHS_2015-2016,h31,-0.008888888888888889
TabPFN,Armenia_DHS_2015-2016,hw70,-0.008888888888888889
TabPFN,Armenia_DHS_2015-2016,v012,-0.008888888888888889
TabPFN,Armenia_DHS_2015-2016,v212,0.0
TabPFN,Armenia_DHS_2015-2016,hw72,-0.017584541062801932
TabPFN,Armenia_DHS_2015-2016,v190,0.0
TabPFN,Armenia_DHS_2015-2016,v040,-0.042028985507246375
TabPFN,Armenia_DHS_2015-2016,h22,0.0
TabPFN,Armenia_DHS_2015-2016,h11,-0.044444444444444446
TabPFN,Armenia_DHS_2015-2016,h43,0.0
TabPFN,Armenia_DHS_2015-2016,h34,0.0
TabPFN,Armenia_DHS_2015-2016,v191,0.0
TabPFN,Armenia_DHS_2015-2016,v113,-0.017584541062801932
TabPFN,Armenia_DHS_2015-2016,v116,0.0
TabPFN,Armenia_DHS_2015-2016,v106,-0.035169082125603865
TabPFN,Armenia_DHS_2015-2016,v025,0.0
TabPFN,Armenia_DHS_2015-2016,v201,0.0
TabPFN,Armenia_DHS_2015-2016,m13,0.0
TabPFN,Armenia_DHS_2015-2016,v463z,0.0
TabPFN,Armenia_DHS_2015-2016,v151,0.0
LogReg,Kyrgyz_Republic_DHS_2012,hw1,0.40114292165989823
LogReg,Kyrgyz_Republic_DHS_2012,b4,0.032868342183473793
LogReg,Kyrgyz_Republic_DHS_2012,h31,0.0028864060590088015
LogReg,Kyrgyz_Republic_DHS_2012,hw70,0.05714427643070384
LogReg,Kyrgyz_Republic_DHS_2012,v012,0.0843160133222151
LogReg,Kyrgyz_Republic_DHS_2012,v212,0.025345014368061258
LogReg,Kyrgyz_Republic_DHS_2012,hw72,0.0411124650387199
LogReg,Kyrgyz_Republic_DHS_2012,v190,0.04149750869225965
LogReg,Kyrgyz_Republic_DHS_2012,v040,0.13472890123267348
LogReg,Kyrgyz_Republic_DHS_2012,h22,0.002247728012038963
LogReg,Kyrgyz_Republic_DHS_2012,h11,0.008577641304030607
LogReg,Kyrgyz_Republic_DHS_2012,h43,0.0012124903759657868
LogReg,Kyrgyz_Republic_DHS_2012,h34,0.023239399401713507
LogReg,Kyrgyz_Republic_DHS_2012,v191,0.008564626527275642
LogReg,Kyrgyz_Republic_DHS_2012,v113,0.05988699172735736
LogReg,Kyrgyz_Republic_DHS_2012,v116,0.048534329436325054
LogReg,Kyrgyz_Republic_DHS_2012,v106,0.030216289417885196
LogReg,Kyrgyz_Republic_DHS_2012,v025,0.014987928875294725
LogReg,Kyrgyz_Republic_DHS_2012,v201,0.003217935037691092
LogReg,Kyrgyz_Republic_DHS_2012,m13,0.011007775341506168
LogReg,Kyrgyz_Republic_DHS_2012,v463z,0.0004045816551732003
LogReg,Kyrgyz_Republic_DHS_2012,v151,0.002293407184596323
LightGBM,Kyrgyz_Republic_DHS_2012,hw1,0.623219104375466
LightGBM,Kyrgyz_Republic_DHS_2012,b4,0.05575303388215284
LightGBM,Kyrgyz_Republic_DHS_2012,h31,0.01126420385515826
LightGBM,Kyrgyz_Republic_DHS_2012,hw70,0.14269190448992594
LightGBM,Kyrgyz_Republic_DHS_2012,v012,0.15219096983595953
LightGBM,Kyrgyz_Republic_DHS_2012,v212,0.09808898893878369
LightGBM,Kyrgyz_Republic_DHS_2012,hw72,0.16241081762456325
LightGBM,Kyrgyz_Republic_DHS_2012,v190,0.023688182336632956
LightGBM,Kyrgyz_Republic_DHS_2012,v040,0.2773183368507095
LightGBM,Kyrgyz_Republic_DHS_2012,h22,0.004433517881423962
LightGBM,Kyrgyz_Republic_DHS_2012,h11,0.03482804709866103
LightGBM,Kyrgyz_Republic_DHS_2012,h43,0.017706871549841505
LightGBM,Kyrgyz_Republic_DHS_2012,h34,0.039978545050262854
LightGBM,Kyrgyz_Republic_DHS_2012,v191,0.11381823574533971
LightGBM,Kyrgyz_Republic_DHS_2012,v113,0.10225654528664078
LightGBM,Kyrgyz_Republic_DHS_2012,v116,0.0952192362556988
LightGBM,Kyrgyz_Republic_DHS_2012,v106,0.04385500287021773
LightGBM,Kyrgyz_Republic_DHS_2012,v025,0.019845370625917652
LightGBM,Kyrgyz_Republic_DHS_2012,v201,0.046060684388891764
LightGBM,Kyrgyz_Republic_DHS_2012,m13,0.08400801810009366
LightGBM,Kyrgyz_Republic_DHS_2012,v463z,0.0
LightGBM,Kyrgyz_Republic_DHS_2012,v151,0.01564072102652246
XGBoost,Kyrgyz_Republic_DHS_2012,hw1,0.5498758554458618
XGBoost,Kyrgyz_Republic_DHS_2012,b4,0.039496082812547684
XGBoost,Kyrgyz_Republic_DHS_2012,h31,0.008539739064872265
XGBoost,Kyrgyz_Republic_DHS_2012,hw70,0.11124689131975174
XGBoost,Kyrgyz_Republic_DHS_2012,v012,0.12125083804130554
XGBoost,Kyrgyz_Republic_DHS_2012,v212,0.06119617074728012
XGBoost,Kyrgyz_Republic_DHS_2012,hw72,0.14244665205478668
XGBoost,Kyrgyz_Republic_DHS_2012,v190,0.003753173165023327
XGBoost,Kyrgyz_Republic_DHS_2012,v040,0.25260424613952637
XGBoost,Kyrgyz_Republic_DHS_2012,h22,0.0027190789114683867
XGBoost,Kyrgyz_Republic_DHS_2012,h11,0.034729745239019394
XGBoost,Kyrgyz_Republic_DHS_2012,h43,0.02036215364933014
XGBoost,Kyrgyz_Republic_DHS_2012,h34,0.03444070369005203
XGBoost,Kyrgyz_Republic_DHS_2012,v191,0.09221051633358002
XGBoost,Kyrgyz_Republic_DHS_2012,v113,0.09328989684581757
XGBoost,Kyrgyz_Republic_DHS_2012,v116,0.07168009877204895
XGBoost,Kyrgyz_Republic_DHS_2012,v106,0.0359698049724102
XGBoost,Kyrgyz_Republic_DHS_2012,v025,0.002291801618412137
XGBoost,Kyrgyz_Republic_DHS_2012,v201,0.019375860691070557
XGBoost,Kyrgyz_Republic_DHS_2012,m13,0.06841187179088593
XGBoost,Kyrgyz_Republic_DHS_2012,v463z,0.0
XGBoost,Kyrgyz_Republic_DHS_2012,v151,0.009320181794464588
TabPFN,Kyrgyz_Republic_DHS_2012,hw1,0.05263177457658733
TabPFN,Kyrgyz_Republic_DHS_2012,b4,0.0011300982639316892
TabPFN,Kyrgyz_Republic_DHS_2012,h31,-0.00046945610007942395
TabPFN,Kyrgyz_Republic_DHS_2012,hw70,0.012703775448177157
TabPFN,Kyrgyz_Republic_DHS_2012,v012,-0.004824234599415611
TabPFN,Kyrgyz_Republic_DHS_2012,v212,0.004005911728807043
TabPFN,Kyrgyz_Republic_DHS_2012,hw72,0.004015703462730081
TabPFN,Kyrgyz_Republic_DHS_2012,v190,0.010177229868866156
TabPFN,Kyrgyz_Republic_DHS_2012,v040,0.015512458314936629
TabPFN,Kyrgyz_Republic_DHS_2012,h22,0.0013225253493710288
TabPFN,Kyrgyz_Republic_DHS_2012,h11,-0.0020868318123825613
TabPFN,Kyrgyz_Republic_DHS_2012,h43,-0.0016655541629766236
TabPFN,Kyrgyz_Republic_DHS_2012,h34,0.00030284230836936655
TabPFN,Kyrgyz_Republic_DHS_2012,v191,0.005226672362546525
TabPFN,Kyrgyz_Republic_DHS_2012,v113,0.00898492468582367
TabPFN,Kyrgyz_Republic_DHS_2012,v116,-0.020874861594630967
TabPFN,Kyrgyz_Republic_DHS_2012,v106,0.002993570890331987
TabPFN,Kyrgyz_Republic_DHS_2012,v025,-0.0011412274366324083
TabPFN,Kyrgyz_Republic_DHS_2012,v201,0.0020537511316618628
TabPFN,Kyrgyz_Republic_DHS_2012,m13,0.0057652772582574615
TabPFN,Kyrgyz_Republic_DHS_2012,v463z,0.0
TabPFN,Kyrgyz_Republic_DHS_2012,v151,0.000997123681687473
LogReg,Liberia_DHS_2019_2020,hw1,0.21968102901617026
LogReg,Liberia_DHS_2019_2020,b4,0.005079186603157813
LogReg,Liberia_DHS_2019_2020,h31,0.005519168621255918
LogReg,Liberia_DHS_2019_2020,hw70,0.12343022372121136
LogReg,Liberia_DHS_2019_2020,v012,0.1092747267162131
LogReg,Liberia_DHS_2019_2020,v212,0.0005564012160159507
LogReg,Liberia_DHS_2019_2020,hw72,0.033777279312633995
LogReg,Liberia_DHS_2019_2020,v190,0.0295028614790784
LogReg,Liberia_DHS_2019_2020,v040,0.19829694306621326
LogReg,Liberia_DHS_2019_2020,h22,0.06249545922421328
LogReg,Liberia_DHS_2019_2020,h11,0.016743116813147513
LogReg,Liberia_DHS_2019_2020,h43,0.027518169462690794
LogReg,Liberia_DHS_2019_2020,h34,0.010196678519937597
LogReg,Liberia_DHS_2019_2020,v191,0.024830864117246772
LogReg,Liberia_DHS_2019_2020,v113,0.06511886339053906
LogReg,Liberia_DHS_2019_2020,v116,0.025970112590800527
LogReg,Liberia_DHS_2019_2020,v106,0.01642663596290258
LogReg,Liberia_DHS_2019_2020,v025,0.014651511049601017
LogReg,Liberia_DHS_2019_2020,v201,0.006259382745690301
LogReg,Liberia_DHS_2019_2020,m13,0.02444602127286882
LogReg,Liberia_DHS_2019_2020,v463z,8.229280231363029e-06
LogReg,Liberia_DHS_2019_2020,v151,0.007969338826404375
LightGBM,Liberia_DHS_2019_2020,hw1,0.3520501017861969
LightGBM,Liberia_DHS_2019_2020,b4,0.04426016400595202
LightGBM,Liberia_DHS_2019_2020,h31,0.04461913566868718
LightGBM,Liberia_DHS_2019_2020,hw70,0.2246391253605518
LightGBM,Liberia_DHS_2019_2020,v012,0.18131818932717714
LightGBM,Liberia_DHS_2019_2020,v212,0.11074716950750668
LightGBM,Liberia_DHS_2019_2020,hw72,0.09785290994159318
LightGBM,Liberia_DHS_2019_2020,v190,0.014287211851638643
LightGBM,Liberia_DHS_2019_2020,v040,0.2622709649916085
LightGBM,Liberia_DHS_2019_2020,h22,0.17003954993615863
LightGBM,Liberia_DHS_2019_2020,h11,0.034373307416641255
LightGBM,Liberia_DHS_2019_2020,h43,0.03410886160756295
LightGBM,Liberia_DHS_2019_2020,h34,0.027156701188399312
LightGBM,Liberia_DHS_2019_2020,v191,0.1261538289093775
LightGBM,Liberia_DHS_2019_2020,v113,0.06303544814693082
LightGBM,Liberia_DHS_2019_2020,v116,0.09439327208209579
LightGBM,Liberia_DHS_2019_2020,v106,0.044579206998940434
LightGBM,Liberia_DHS_2019_2020,v025,0.020673693804326435
LightGBM,Liberia_DHS_2019_2020,v201,0.03672795008105999
LightGBM,Liberia_DHS_2019_2020,m13,0.04825941519089403
LightGBM,Liberia_DHS_2019_2020,v463z,0.0
LightGBM,Liberia_DHS_2019_2020,v151,0.023317897653619905
XGBoost,Liberia_DHS_2019_2020,hw1,0.28605031967163086
XGBoost,Liberia_DHS_2019_2020,b4,0.004387130029499531
XGBoost,Liberia_DHS_2019_2020,h31,0.0012496148701757193
XGBoost,Liberia_DHS_2019_2020,hw70,0.16204477846622467
XGBoost,Liberia_DHS_2019_2020,v012,0.11807913333177567
XGBoost,Liberia_DHS_2019_2020,v212,0.02546495571732521
XGBoost,Liberia_DHS_2019_2020,hw72,0.02475161850452423
XGBoost,Liberia_DHS_2019_2020,v190,0.0023593122605234385
XGBoost,Liberia_DHS_2019_2020,v040,0.19576723873615265
XGBoost,Liberia_DHS_2019_2020,h22,0.10712753236293793
XGBoost,Liberia_DHS_2019_2020,h11,0.008161280304193497
XGBoost,Liberia_DHS_2019_2020,h43,0.004337315913289785
XGBoost,Liberia_DHS_2019_2020,h34,0.0
XGBoost,Liberia_DHS_2019_2020,v191,0.0558992363512516
XGBoost,Liberia_DHS_2019_2020,v113,0.006213805638253689
XGBoost,Liberia_DHS_2019_2020,v116,0.011695032007992268
XGBoost,Liberia_DHS_2019_2020,v106,0.020736364647746086
XGBoost,Liberia_DHS_2019_2020,v025,0.0012041617883369327
XGBoost,Liberia_DHS_2019_2020,v201,0.004099770449101925
XGBoost,Liberia_DHS_2019_2020,m13,0.005454857833683491
XGBoost,Liberia_DHS_2019_2020,v463z,0.0
XGBoost,Liberia_DHS_2019_2020,v151,0.006226678378880024
TabPFN,Liberia_DHS_2019_2020,hw1,0.014308317658494829
TabPFN,Liberia_DHS_2019_2020,b4,0.0006511190623263996
TabPFN,Liberia_DHS_2019_2020,h31,0.0026072044018013107
TabPFN,Liberia_DHS_2019_2020,hw70,0.0009431614108536879
TabPFN,Liberia_DHS_2019_2020,v012,0.0027869504346766717
TabPFN,Liberia_DHS_2019_2020,v212,0.0
TabPFN,Liberia_DHS_2019_2020,hw72,0.0025126919753182485
TabPFN,Liberia_DHS_2019_2020,v190,0.0009766785934895994
TabPFN,Liberia_DHS_2019_2020,v040,0.009577798316015063
TabPFN,Liberia_DHS_2019_2020,h22,9.503352574280477e-05
TabPFN,Liberia_DHS_2019_2020,h11,0.0003255595311631998
TabPFN,Liberia_DHS_2019_2020,h43,0.004282669323461663
TabPFN,Liberia_DHS_2019_2020,h34,0.0
TabPFN,Liberia_DHS_2019_2020,v191,0.0
TabPFN,Liberia_DHS_2019_2020,v113,0.0009766785934895994
TabPFN,Liberia_DHS_2019_2020,v116,0.0
TabPFN,Liberia_DHS_2019_2020,v106,0.0006511190623263996
TabPFN,Liberia_DHS_2019_2020,v025,0.0002316742922892745
TabPFN,Liberia_DHS_2019_2020,v201,0.003262878016149795
TabPFN,Liberia_DHS_2019_2020,m13,0.0006511190623263996
TabPFN,Liberia_DHS_2019_2020,v463z,0.0
TabPFN,Liberia_DHS_2019_2020,v151,0.0
LogReg,Bolivia_DHS_2008,hw1,0.3796229344490762
LogReg,Bolivia_DHS_2008,b4,0.018811650599680256
LogReg,Bolivia_DHS_2008,h31,0.04989263582643856
LogReg,Bolivia_DHS_2008,hw70,0.06881577502990771
LogReg,Bolivia_DHS_2008,v012,0.07771621481269998
LogReg,Bolivia_DHS_2008,v212,0.013937157355780395
LogReg,Bolivia_DHS_2008,hw72,0.012929883807078234
LogReg,Bolivia_DHS_2008,v190,0.06899525701788574
LogReg,Bolivia_DHS_2008,v040,0.3180748025774295
LogReg,Bolivia_DHS_2008,h22,0.0
LogReg,Bolivia_DHS_2008,h11,0.045686212334116405
LogReg,Bolivia_DHS_2008,h43,0.05556820072448356
LogReg,Bolivia_DHS_2008,h34,0.000591635688082004
LogReg,Bolivia_DHS_2008,v191,0.093333208869818
LogReg,Bolivia_DHS_2008,v113,0.0847906983869551
LogReg,Bolivia_DHS_2008,v116,0.0
LogReg,Bolivia_DHS_2008,v106,0.004278356971151065
LogReg,Bolivia_DHS_2008,v025,0.01665209331323933
LogReg,Bolivia_DHS_2008,v201,0.022538596568403835
LogReg,Bolivia_DHS_2008,m13,0.07778202377500817
LogReg,Bolivia_DHS_2008,v463z,0.006135139380512215
LogReg,Bolivia_DHS_2008,v151,0.003179120818431548
LightGBM,Bolivia_DHS_2008,hw1,0.671076276258661
LightGBM,Bolivia_DHS_2008,b4,0.057166046216330264
LightGBM,Bolivia_DHS_2008,h31,0.031199691869767857
LightGBM,Bolivia_DHS_2008,hw70,0.1995306552525866
LightGBM,Bolivia_DHS_2008,v012,0.16749930414718547
LightGBM,Bolivia_DHS_2008,v212,0.07586881808411493
LightGBM,Bolivia_DHS_2008,hw72,0.20308984350114315
LightGBM,Bolivia_DHS_2008,v190,0.02924316497924816
LightGBM,Bolivia_DHS_2008,v040,0.576536166430155
LightGBM,Bolivia_DHS_2008,h22,0.0
LightGBM,Bolivia_DHS_2008,h11,0.051685037355498946
LightGBM,Bolivia_DHS_2008,h43,0.03141395119138957
LightGBM,Bolivia_DHS_2008,h34,0.017642846135171742
LightGBM,Bolivia_DHS_2008,v191,0.2329191964501635
LightGBM,Bolivia_DHS_2008,v113,0.04451643812067244
LightGBM,Bolivia_DHS_2008,v116,0.0
LightGBM,Bolivia_DHS_2008,v106,0.04239140374433264
LightGBM,Bolivia_DHS_2008,v025,0.023521456571921173
LightGBM,Bolivia_DHS_2008,v201,0.10842231126134894
LightGBM,Bolivia_DHS_2008,m13,0.1102164991256021
LightGBM,Bolivia_DHS_2008,v463z,0.0048797355273990815
LightGBM,Bolivia_DHS_2008,v151,0.01780698951567279
XGBoost,Bolivia_DHS_2008,hw1,0.48879751563072205
XGBoost,Bolivia_DHS_2008,b4,0.012404041364789009
XGBoost,Bolivia_DHS_2008,h31,0.0045178853906691074
XGBoost,Bolivia_DHS_2008,hw70,0.09779325127601624
XGBoost,Bolivia_DHS_2008,v012,0.06796838343143463
XGBoost,Bolivia_DHS_2008,v212,0.016974035650491714
XGBoost,Bolivia_DHS_2008,hw72,0.0700671523809433
XGBoost,Bolivia_DHS_2008,v190,0.004090593662112951
XGBoost,Bolivia_DHS_2008,v040,0.42123839259147644
XGBoost,Bolivia_DHS_2008,h22,0.0
XGBoost,Bolivia_DHS_2008,h11,0.028015855699777603
XGBoost,Bolivia_DHS_2008,h43,0.003742645727470517
XGBoost,Bolivia_DHS_2008,h34,0.0011975718662142754
XGBoost,Bolivia_DHS_2008,v191,0.173747718334198
XGBoost,Bolivia_DHS_2008,v113,0.016572536900639534
XGBoost,Bolivia_DHS_2008,v116,0.0
XGBoost,Bolivia_DHS_2008,v106,0.006634946912527084
XGBoost,Bolivia_DHS_2008,v025,0.0
XGBoost,Bolivia_DHS_2008,v201,0.04546527564525604
XGBoost,Bolivia_DHS_2008,m13,0.04747593030333519
XGBoost,Bolivia_DHS_2008,v463z,0.0
XGBoost,Bolivia_DHS_2008,v151,0.008865287527441978
TabPFN,Bolivia_DHS_2008,hw1,0.04387409764849213
TabPFN,Bolivia_DHS_2008,b4,9.50617337928561e-05
TabPFN,Bolivia_DHS_2008,h31,-0.0018931504150820455
TabPFN,Bolivia_DHS_2008,hw70,-0.001661527588188183
TabPFN,Bolivia_DHS_2008,v012,-0.0071489432590296385
TabPFN,Bolivia_DHS_2008,v212,-0.011799903889111141
TabPFN,Bolivia_DHS_2008,hw72,-0.0005579152533053078
TabPFN,Bolivia_DHS_2008,v190,-0.0050017890520238865
TabPFN,Bolivia_DHS_2008,v040,0.03492823432425272
TabPFN,Bolivia_DHS_2008,h22,0.0
TabPFN,Bolivia_DHS_2008,h11,-0.001718397344459599
TabPFN,Bolivia_DHS_2008,h43,-0.0012320395330323696
TabPFN,Bolivia_DHS_2008,h34,-0.0022118919438487428
TabPFN,Bolivia_DHS_2008,v191,-0.0030527800565046
TabPFN,Bolivia_DHS_2008,v113,0.002675913590503276
TabPFN,Bolivia_DHS_2008,v116,0.0
TabPFN,Bolivia_DHS_2008,v106,-0.00032167402678546787
TabPFN,Bolivia_DHS_2008,v025,-0.0028740734636322207
TabPFN,Bolivia_DHS_2008,v201,-0.005413543771915807
TabPFN,Bolivia_DHS_2008,m13,0.002046674389536718
TabPFN,Bolivia_DHS_2008,v463z,-0.0003205937398612635
TabPFN,Bolivia_DHS_2008,v151,0.0014067850519458246
LogReg,Congo_DRC_DHS_2021_2022,hw1,0.2512533007960852
LogReg,Congo_DRC_DHS_2021_2022,b4,0.05134856401995688
LogReg,Congo_DRC_DHS_2021_2022,h31,0.028498884602259366
LogReg,Congo_DRC_DHS_2021_2022,hw70,0.11176444359038643
LogReg,Congo_DRC_DHS_2021_2022,v012,0.027612498831989477
LogReg,Congo_DRC_DHS_2021_2022,v212,0.02042613318765629
LogReg,Congo_DRC_DHS_2021_2022,hw72,0.09969567809552417
LogReg,Congo_DRC_DHS_2021_2022,v190,0.10061627841791895
LogReg,Congo_DRC_DHS_2021_2022,v040,0.10906905579098977
LogReg,Congo_DRC_DHS_2021_2022,h22,0.07906740658639798
LogReg,Congo_DRC_DHS_2021_2022,h11,0.00996330718221807
LogReg,Congo_DRC_DHS_2021_2022,h43,0.04972331022685905
LogReg,Congo_DRC_DHS_2021_2022,h34,0.008314788403958377
LogReg,Congo_DRC_DHS_2021_2022,v191,0.008743467970691036
LogReg,Congo_DRC_DHS_2021_2022,v113,0.039114036679923844
LogReg,Congo_DRC_DHS_2021_2022,v116,0.014057119841987261
LogReg,Congo_DRC_DHS_2021_2022,v106,0.05282009262317406
LogReg,Congo_DRC_DHS_2021_2022,v025,0.01430449266153779
LogReg,Congo_DRC_DHS_2021_2022,v201,0.023802063064190675
LogReg,Congo_DRC_DHS_2021_2022,m13,0.007167146616748862
LogReg,Congo_DRC_DHS_2021_2022,v463z,0.0029459154460086245
LogReg,Congo_DRC_DHS_2021_2022,v151,0.061963596356101616
LightGBM,Congo_DRC_DHS_2021_2022,hw1,0.24257206426340405
LightGBM,Congo_DRC_DHS_2021_2022,b4,0.039381156875837
LightGBM,Congo_DRC_DHS_2021_2022,h31,0.019904623430761173
LightGBM,Congo_DRC_DHS_2021_2022,hw70,0.12101966789671435
LightGBM,Congo_DRC_DHS_2021_2022,v012,0.027618222931011276
LightGBM,Congo_DRC_DHS_2021_2022,v212,0.050603300915720316
LightGBM,Congo_DRC_DHS_2021_2022,hw72,0.10171974324018548
LightGBM,Congo_DRC_DHS_2021_2022,v190,0.0017910065916127592
LightGBM,Congo_DRC_DHS_2021_2022,v040,0.1257163225145973
LightGBM,Congo_DRC_DHS_2021_2022,h22,0.07262635002926421
LightGBM,Congo_DRC_DHS_2021_2022,h11,0.004898937536848586
LightGBM,Congo_DRC_DHS_2021_2022,h43,0.03345873702720881
LightGBM,Congo_DRC_DHS_2021_2022,h34,0.012296197292712047
LightGBM,Congo_DRC_DHS_2021_2022,v191,0.12666784626434877
LightGBM,Congo_DRC_DHS_2021_2022,v113,0.040838828308309864
LightGBM,Congo_DRC_DHS_2021_2022,v116,0.0164442910567975
LightGBM,Congo_DRC_DHS_2021_2022,v106,0.029678169857415983
LightGBM,Congo_DRC_DHS_2021_2022,v025,0.017215567304028002
LightGBM,Congo_DRC_DHS_2021_2022,v201,0.02712694761577683
LightGBM,Congo_DRC_DHS_2021_2022,m13,0.025186599947112774
LightGBM,Congo_DRC_DHS_2021_2022,v463z,0.0009338388334630994
LightGBM,Congo_DRC_DHS_2021_2022,v151,0.05501617974551414
XGBoost,Congo_DRC_DHS_2021_2022,hw1,0.22222957015037537
XGBoost,Congo_DRC_DHS_2021_2022,b4,0.02431565895676613
XGBoost,Congo_DRC_DHS_2021_2022,h31,0.005161241162568331
XGBoost,Congo_DRC_DHS_2021_2022,hw70,0.10047108680009842
XGBoost,Congo_DRC_DHS_2021_2022,v012,0.005868399981409311
XGBoost,Congo_DRC_DHS_2021_2022,v212,0.03484262153506279
XGBoost,Congo_DRC_DHS_2021_2022,hw72,0.08512961864471436
XGBoost,Congo_DRC_DHS_2021_2022,v190,0.0
XGBoost,Congo_DRC_DHS_2021_2022,v040,0.09648952633142471
XGBoost,Congo_DRC_DHS_2021_2022,h22,0.05599779263138771
XGBoost,Congo_DRC_DHS_2021_2022,h11,0.0
XGBoost,Congo_DRC_DHS_2021_2022,h43,0.02849842607975006
XGBoost,Congo_DRC_DHS_2021_2022,h34,0.002047554822638631
XGBoost,Congo_DRC_DHS_2021_2022,v191,0.11881717294454575
XGBoost,Congo_DRC_DHS_2021_2022,v113,0.03575228527188301
XGBoost,Congo_DRC_DHS_2021_2022,v116,0.013714357279241085
XGBoost,Congo_DRC_DHS_2021_2022,v106,0.014064168557524681
XGBoost,Congo_DRC_DHS_2021_2022,v025,0.0031044785864651203
XGBoost,Congo_DRC_DHS_2021_2022,v201,0.008615485392510891
XGBoost,Congo_DRC_DHS_2021_2022,m13,0.011909357272088528
XGBoost,Congo_DRC_DHS_2021_2022,v463z,0.00015308997535612434
XGBoost,Congo_DRC_DHS_2021_2022,v151,0.03601578623056412
TabPFN,Congo_DRC_DHS_2021_2022,hw1,0.016062033738866034
TabPFN,Congo_DRC_DHS_2021_2022,b4,0.0003245550581288725
TabPFN,Congo_DRC_DHS_2021_2022,h31,0.0017109752201416527
TabPFN,Congo_DRC_DHS_2021_2022,hw70,0.003890379636632746
TabPFN,Congo_DRC_DHS_2021_2022,v012,0.00011562841841830095
TabPFN,Congo_DRC_DHS_2021_2022,v212,0.00019946345163517342
TabPFN,Congo_DRC_DHS_2021_2022,hw72,0.0035848415915503474
TabPFN,Congo_DRC_DHS_2021_2022,v190,0.002019722389163725
TabPFN,Congo_DRC_DHS_2021_2022,v040,0.011716208135618777
TabPFN,Congo_DRC_DHS_2021_2022,h22,0.0011394038441117083
TabPFN,Congo_DRC_DHS_2021_2022,h11,0.0005956093519172035
TabPFN,Congo_DRC_DHS_2021_2022,h43,-0.0010844082392997834
TabPFN,Congo_DRC_DHS_2021_2022,h34,0.0009653378114387711
TabPFN,Congo_DRC_DHS_2021_2022,v191,0.00212788029382458
TabPFN,Congo_DRC_DHS_2021_2022,v113,0.0013620754017585669
TabPFN,Congo_DRC_DHS_2021_2022,v116,0.0009203523621260423
TabPFN,Congo_DRC_DHS_2021_2022,v106,0.0008460284007098418
TabPFN,Congo_DRC_DHS_2021_2022,v025,0.0008992631023371
TabPFN,Congo_DRC_DHS_2021_2022,v201,-5.432774797435869e-05
TabPFN,Congo_DRC_DHS_2021_2022,m13,0.0015244160039745713
TabPFN,Congo_DRC_DHS_2021_2022,v463z,6.138725294482227e-05
TabPFN,Congo_DRC_DHS_2021_2022,v151,-0.0020792824694607416
LogReg,Guatemala_DHS_2014_2015,hw1,0.5411819207060733
LogReg,Guatemala_DHS_2014_2015,b4,0.011700080804152987
LogReg,Guatemala_DHS_2014_2015,h31,0.013732900898030706
LogReg,Guatemala_DHS_2014_2015,hw70,0.10409450499260231
LogReg,Guatemala_DHS_2014_2015,v012,0.07597274065077463
LogReg,Guatemala_DHS_2014_2015,v212,0.01446830849001252
LogReg,Guatemala_DHS_2014_2015,hw72,0.04485535736785662
LogReg,Guatemala_DHS_2014_2015,v190,0.025465440437350727
LogReg,Guatemala_DHS_2014_2015,v040,0.07929613121015577
LogReg,Guatemala_DHS_2014_2015,h22,0.03439472735678048
LogReg,Guatemala_DHS_2014_2015,h11,0.04364891706447841
LogReg,Guatemala_DHS_2014_2015,h43,0.08950237013534887
LogReg,Guatemala_DHS_2014_2015,h34,0.027846056990598198
LogReg,Guatemala_DHS_2014_2015,v191,0.12752748512589632
LogReg,Guatemala_DHS_2014_2015,v113,0.04387230386841232
LogReg,Guatemala_DHS_2014_2015,v116,0.014154193620182078
LogReg,Guatemala_DHS_2014_2015,v106,0.04327647279002368
LogReg,Guatemala_DHS_2014_2015,v025,0.03809913226027467
LogReg,Guatemala_DHS_2014_2015,v201,0.03290915678843297
LogReg,Guatemala_DHS_2014_2015,m13,0.003851158533431618
LogReg,Guatemala_DHS_2014_2015,v463z,6.092386464074508e-05
LogReg,Guatemala_DHS_2014_2015,v151,0.011197840547079828
LightGBM,Guatemala_DHS_2014_2015,hw1,0.6339416466174319
LightGBM,Guatemala_DHS_2014_2015,b4,0.011459109422804524
LightGBM,Guatemala_DHS_2014_2015,h31,0.004742282553936887
LightGBM,Guatemala_DHS_2014_2015,hw70,0.14261876653848987
LightGBM,Guatemala_DHS_2014_2015,v012,0.037799253071683414
LightGBM,Guatemala_DHS_2014_2015,v212,0.042612518248942285
LightGBM,Guatemala_DHS_2014_2015,hw72,0.05983076849482218
LightGBM,Guatemala_DHS_2014_2015,v190,0.0026069013223240624
LightGBM,Guatemala_DHS_2014_2015,v040,0.21237049222862173
LightGBM,Guatemala_DHS_2014_2015,h22,0.020451439117894696
LightGBM,Guatemala_DHS_2014_2015,h11,0.02828827415210838
LightGBM,Guatemala_DHS_2014_2015,h43,0.02380950467940663
LightGBM,Guatemala_DHS_2014_2015,h34,0.006579643704114874
LightGBM,Guatemala_DHS_2014_2015,v191,0.09413551694645422
LightGBM,Guatemala_DHS_2014_2015,v113,0.03994444759568956
LightGBM,Guatemala_DHS_2014_2015,v116,0.02326913345713245
LightGBM,Guatemala_DHS_2014_2015,v106,0.03513782224155739
LightGBM,Guatemala_DHS_2014_2015,v025,0.03994557211058532
LightGBM,Guatemala_DHS_2014_2015,v201,0.025789426303631346
LightGBM,Guatemala_DHS_2014_2015,m13,0.010726083183241067
LightGBM,Guatemala_DHS_2014_2015,v463z,0.0
LightGBM,Guatemala_DHS_2014_2015,v151,0.009817088720560368
XGBoost,Guatemala_DHS_2014_2015,hw1,0.6646227836608887
XGBoost,Guatemala_DHS_2014_2015,b4,0.011510706506669521
XGBoost,Guatemala_DHS_2014_2015,h31,0.005010677967220545
XGBoost,Guatemala_DHS_2014_2015,hw70,0.15461358428001404
XGBoost,Guatemala_DHS_2014_2015,v012,0.06269713491201401
XGBoost,Guatemala_DHS_2014_2015,v212,0.05936811491847038
XGBoost,Guatemala_DHS_2014_2015,hw72,0.07822581380605698
XGBoost,Guatemala_DHS_2014_2015,v190,0.0025605743285268545
XGBoost,Guatemala_DHS_2014_2015,v040,0.23850369453430176
XGBoost,Guatemala_DHS_2014_2015,h22,0.016931140795350075
XGBoost,Guatemala_DHS_2014_2015,h11,0.03859488293528557
XGBoost,Guatemala_DHS_2014_2015,h43,0.025423984974622726
XGBoost,Guatemala_DHS_2014_2015,h34,0.0042081428691744804
XGBoost,Guatemala_DHS_2014_2015,v191,0.1240018978714943
XGBoost,Guatemala_DHS_2014_2015,v113,0.047083329409360886
XGBoost,Guatemala_DHS_2014_2015,v116,0.05744026601314545
XGBoost,Guatemala_DHS_2014_2015,v106,0.04477205127477646
XGBoost,Guatemala_DHS_2014_2015,v025,0.05283823236823082
XGBoost,Guatemala_DHS_2014_2015,v201,0.041260626167058945
XGBoost,Guatemala_DHS_2014_2015,m13,0.02011343650519848
XGBoost,Guatemala_DHS_2014_2015,v463z,0.0009301676182076335
XGBoost,Guatemala_DHS_2014_2015,v151,0.02426869235932827
TabPFN,Guatemala_DHS_2014_2015,hw1,0.2361492959055902
TabPFN,Guatemala_DHS_2014_2015,b4,-0.002531770316057891
TabPFN,Guatemala_DHS_2014_2015,h31,0.00013560064376236803
TabPFN,Guatemala_DHS_2014_2015,hw70,-0.00019443058656991584
TabPFN,Guatemala_DHS_2014_2015,v012,0.00490187152171202
TabPFN,Guatemala_DHS_2014_2015,v212,-0.0010377730793265539
TabPFN,Guatemala_DHS_2014_2015,hw72,0.0014475554677545245
TabPFN,Guatemala_DHS_2014_2015,v190,-0.005129665654252347
TabPFN,Guatemala_DHS_2014_2015,v040,0.017346047857273762
TabPFN,Guatemala_DHS_2014_2015,h22,-0.0006385658096213608
TabPFN,Guatemala_DHS_2014_2015,h11,0.0013517353557920054
TabPFN,Guatemala_DHS_2014_2015,h43,0.010952809542814478
TabPFN,Guatemala_DHS_2014_2015,h34,-0.0033230248149499044
TabPFN,Guatemala_DHS_2014_2015,v191,-0.0024208394177354766
TabPFN,Guatemala_DHS_2014_2015,v113,-0.008124995753593267
TabPFN,Guatemala_DHS_2014_2015,v116,-0.002541200749195638
TabPFN,Guatemala_DHS_2014_2015,v106,-0.011006218204317287
TabPFN,Guatemala_DHS_2014_2015,v025,-0.005061061085937157
TabPFN,Guatemala_DHS_2014_2015,v201,-0.002811460900417484
TabPFN,Guatemala_DHS_2014_2015,m13,0.0002516070845585805
TabPFN,Guatemala_DHS_2014_2015,v463z,0.0
TabPFN,Guatemala_DHS_2014_2015,v151,0.0005480808175804208
LogReg,Ghana_DHS_2022,hw1,0.32602503244139475
LogReg,Ghana_DHS_2022,b4,0.05879721007178433
LogReg,Ghana_DHS_2022,h31,0.023380788388733358
LogReg,Ghana_DHS_2022,hw70,0.12199864027972218
LogReg,Ghana_DHS_2022,v012,0.08875008795499177
LogReg,Ghana_DHS_2022,v212,0.0038681780998662692
LogReg,Ghana_DHS_2022,hw72,0.013234508323945881
LogReg,Ghana_DHS_2022,v190,0.04543104110326474
LogReg,Ghana_DHS_2022,v040,0.08120360598499721
LogReg,Ghana_DHS_2022,h22,0.06734929562870237
LogReg,Ghana_DHS_2022,h11,0.021398184892708665
LogReg,Ghana_DHS_2022,h43,0.01898918775594225
LogReg,Ghana_DHS_2022,h34,0.0027429157668478693
LogReg,Ghana_DHS_2022,v191,0.1022267497819118
LogReg,Ghana_DHS_2022,v113,0.08219334888559575
LogReg,Ghana_DHS_2022,v116,0.15392561175131625
LogReg,Ghana_DHS_2022,v106,0.10315787265935264
LogReg,Ghana_DHS_2022,v025,0.0024566151972977407
LogReg,Ghana_DHS_2022,v201,0.07245034138710331
LogReg,Ghana_DHS_2022,m13,0.011514333399249321
LogReg,Ghana_DHS_2022,v463z,8.385142498935314e-05
LogReg,Ghana_DHS_2022,v151,0.010351591027078456
LightGBM,Ghana_DHS_2022,hw1,0.41260940759557113
LightGBM,Ghana_DHS_2022,b4,0.06327377434714375
LightGBM,Ghana_DHS_2022,h31,0.016204483864878286
LightGBM,Ghana_DHS_2022,hw70,0.15058481546554728
LightGBM,Ghana_DHS_2022,v012,0.06006218046605906
LightGBM,Ghana_DHS_2022,v212,0.04734103516032512
LightGBM,Ghana_DHS_2022,hw72,0.06765558180496807
LightGBM,Ghana_DHS_2022,v190,0.003015681966609093
LightGBM,Ghana_DHS_2022,v040,0.1291215611287721
LightGBM,Ghana_DHS_2022,h22,0.10210062314916876
LightGBM,Ghana_DHS_2022,h11,0.012656580140283416
LightGBM,Ghana_DHS_2022,h43,0.03289745033654107
LightGBM,Ghana_DHS_2022,h34,0.010973518439101002
LightGBM,Ghana_DHS_2022,v191,0.21455977266167894
LightGBM,Ghana_DHS_2022,v113,0.10134328588178168
LightGBM,Ghana_DHS_2022,v116,0.17344559377047916
LightGBM,Ghana_DHS_2022,v106,0.11927340375247848
LightGBM,Ghana_DHS_2022,v025,0.022448071994569687
LightGBM,Ghana_DHS_2022,v201,0.0445507409864521
LightGBM,Ghana_DHS_2022,m13,0.030464441894265136
LightGBM,Ghana_DHS_2022,v463z,0.0018819331926240722
LightGBM,Ghana_DHS_2022,v151,0.017976321511054664
XGBoost,Ghana_DHS_2022,hw1,0.36063724756240845
XGBoost,Ghana_DHS_2022,b4,0.04654126241803169
XGBoost,Ghana_DHS_2022,h31,0.006946893874555826
XGBoost,Ghana_DHS_2022,hw70,0.11053810268640518
XGBoost,Ghana_DHS_2022,v012,0.026556646451354027
XGBoost,Ghana_DHS_2022,v212,0.021599140018224716
XGBoost,Ghana_DHS_2022,hw72,0.03132668510079384
XGBoost,Ghana_DHS_2022,v190,0.0
XGBoost,Ghana_DHS_2022,v040,0.08302471786737442
XGBoost,Ghana_DHS_2022,h22,0.0857597067952156
XGBoost,Ghana_DHS_2022,h11,0.004521939437836409
XGBoost,Ghana_DHS_2022,h43,0.029574282467365265
XGBoost,Ghana_DHS_2022,h34,0.0007968216086737812
XGBoost,Ghana_DHS_2022,v191,0.19616718590259552
XGBoost,Ghana_DHS_2022,v113,0.07669627666473389
XGBoost,Ghana_DHS_2022,v116,0.1544063538312912
XGBoost,Ghana_DHS_2022,v106,0.10156111419200897
XGBoost,Ghana_DHS_2022,v025,0.0
XGBoost,Ghana_DHS_2022,v201,0.01178134884685278
XGBoost,Ghana_DHS_2022,m13,0.018154488876461983
XGBoost,Ghana_DHS_2022,v463z,0.0
XGBoost,Ghana_DHS_2022,v151,0.006347612012177706
TabPFN,Ghana_DHS_2022,hw1,0.049473276918869914
TabPFN,Ghana_DHS_2022,b4,-0.001438534324859253
TabPFN,Ghana_DHS_2022,h31,-0.001975309065776543
TabPFN,Ghana_DHS_2022,hw70,-0.00012736250805251982
TabPFN,Ghana_DHS_2022,v012,-0.0010686193573285596
TabPFN,Ghana_DHS_2022,v212,-0.0021670012940229856
TabPFN,Ghana_DHS_2022,hw72,-0.002783743756010715
TabPFN,Ghana_DHS_2022,v190,-0.010198154248957115
TabPFN,Ghana_DHS_2022,v040,0.0018900057402813308
TabPFN,Ghana_DHS_2022,h22,0.005558341404602296
TabPFN,Ghana_DHS_2022,h11,-0.0040774679399883775
TabPFN,Ghana_DHS_2022,h43,0.00022322202383615597
TabPFN,Ghana_DHS_2022,h34,-0.0012663324100389063
TabPFN,Ghana_DHS_2022,v191,-0.01021956434127227
TabPFN,Ghana_DHS_2022,v113,0.00010034870812913876
TabPFN,Ghana_DHS_2022,v116,-0.00030897377886724976
TabPFN,Ghana_DHS_2022,v106,0.0013444842897137876
TabPFN,Ghana_DHS_2022,v025,-0.0007000949806986956
TabPFN,Ghana_DHS_2022,v201,-0.001459706236650593
TabPFN,Ghana_DHS_2022,m13,-0.002200310514738013
TabPFN,Ghana_DHS_2022,v463z,2.9806540365706623e-05
TabPFN,Ghana_DHS_2022,v151,0.0005569322312082958
LogReg,Gambia_DHS_2019_2020,hw1,0.2880162254887648
LogReg,Gambia_DHS_2019_2020,b4,0.051695724699354996
LogReg,Gambia_DHS_2019_2020,h31,0.008425136764565883
LogReg,Gambia_DHS_2019_2020,hw70,0.1947833338050541
LogReg,Gambia_DHS_2019_2020,v012,0.1301222750734468
LogReg,Gambia_DHS_2019_2020,v212,0.006272855186942324
LogReg,Gambia_DHS_2019_2020,hw72,0.007775293785290322
LogReg,Gambia_DHS_2019_2020,v190,0.10909240637100444
LogReg,Gambia_DHS_2019_2020,v040,0.03167725002986391
LogReg,Gambia_DHS_2019_2020,h22,0.009079066863517588
LogReg,Gambia_DHS_2019_2020,h11,0.014040270116934988
LogReg,Gambia_DHS_2019_2020,h43,0.021558322787137926
LogReg,Gambia_DHS_2019_2020,h34,0.014005883671554257
LogReg,Gambia_DHS_2019_2020,v191,0.0697813255780348
LogReg,Gambia_DHS_2019_2020,v113,0.060119169533089385
LogReg,Gambia_DHS_2019_2020,v116,0.16381141839158103
LogReg,Gambia_DHS_2019_2020,v106,0.07921945103695895
LogReg,Gambia_DHS_2019_2020,v025,0.09755878788414021
LogReg,Gambia_DHS_2019_2020,v201,0.046881562576779084
LogReg,Gambia_DHS_2019_2020,m13,0.0527647540338591
LogReg,Gambia_DHS_2019_2020,v463z,0.0
LogReg,Gambia_DHS_2019_2020,v151,0.03410678524485619
LightGBM,Gambia_DHS_2019_2020,hw1,0.47555533805507333
LightGBM,Gambia_DHS_2019_2020,b4,0.05372798146484225
LightGBM,Gambia_DHS_2019_2020,h31,0.010846380826503561
LightGBM,Gambia_DHS_2019_2020,hw70,0.2629418449653013
LightGBM,Gambia_DHS_2019_2020,v012,0.11822763763244448
LightGBM,Gambia_DHS_2019_2020,v212,0.0607459315998212
LightGBM,Gambia_DHS_2019_2020,hw72,0.08784541027393107
LightGBM,Gambia_DHS_2019_2020,v190,0.10713037195957999
LightGBM,Gambia_DHS_2019_2020,v040,0.0967535781099474
LightGBM,Gambia_DHS_2019_2020,h22,0.006704299253650477
LightGBM,Gambia_DHS_2019_2020,h11,0.002779256967224536
LightGBM,Gambia_DHS_2019_2020,h43,0.06776891842431385
LightGBM,Gambia_DHS_2019_2020,h34,0.010468556669753295
LightGBM,Gambia_DHS_2019_2020,v191,0.12545618314507825
LightGBM,Gambia_DHS_2019_2020,v113,0.12512658644719898
LightGBM,Gambia_DHS_2019_2020,v116,0.12685102930327583
LightGBM,Gambia_DHS_2019_2020,v106,0.047272861838801784
LightGBM,Gambia_DHS_2019_2020,v025,0.19840021739102362
LightGBM,Gambia_DHS_2019_2020,v201,0.03442853616632379
LightGBM,Gambia_DHS_2019_2020,m13,0.05210299004568895
LightGBM,Gambia_DHS_2019_2020,v463z,0.0
LightGBM,Gambia_DHS_2019_2020,v151,0.061877843094092846
XGBoost,Gambia_DHS_2019_2020,hw1,0.4456155002117157
XGBoost,Gambia_DHS_2019_2020,b4,0.05404861643910408
XGBoost,Gambia_DHS_2019_2020,h31,0.0064260330982506275
XGBoost,Gambia_DHS_2019_2020,hw70,0.24559248983860016
XGBoost,Gambia_DHS_2019_2020,v012,0.10364507138729095
XGBoost,Gambia_DHS_2019_2020,v212,0.06416843086481094
XGBoost,Gambia_DHS_2019_2020,hw72,0.0731024444103241
XGBoost,Gambia_DHS_2019_2020,v190,0.03583664819598198
XGBoost,Gambia_DHS_2019_2020,v040,0.074335478246212
XGBoost,Gambia_DHS_2019_2020,h22,0.0026116063818335533
XGBoost,Gambia_DHS_2019_2020,h11,0.0012082654284313321
XGBoost,Gambia_DHS_2019_2020,h43,0.07565692067146301
XGBoost,Gambia_DHS_2019_2020,h34,0.0
XGBoost,Gambia_DHS_2019_2020,v191,0.15308170020580292
XGBoost,Gambia_DHS_2019_2020,v113,0.12306786328554153
XGBoost,Gambia_DHS_2019_2020,v116,0.13416869938373566
XGBoost,Gambia_DHS_2019_2020,v106,0.045450203120708466
XGBoost,Gambia_DHS_2019_2020,v025,0.19297601282596588
XGBoost,Gambia_DHS_2019_2020,v201,0.0198287982493639
XGBoost,Gambia_DHS_2019_2020,m13,0.05433768406510353
XGBoost,Gambia_DHS_2019_2020,v463z,0.0
XGBoost,Gambia_DHS_2019_2020,v151,0.0615868903696537
TabPFN,Gambia_DHS_2019_2020,hw1,0.06311890791261383
TabPFN,Gambia_DHS_2019_2020,b4,0.0027251885008032104
TabPFN,Gambia_DHS_2019_2020,h31,0.0021852478026948676
TabPFN,Gambia_DHS_2019_2020,hw70,0.02051123787315514
TabPFN,Gambia_DHS_2019_2020,v012,-0.004290371113010361
TabPFN,Gambia_DHS_2019_2020,v212,0.002260681413084442
TabPFN,Gambia_DHS_2019_2020,hw72,0.0036303374697334912
TabPFN,Gambia_DHS_2019_2020,v190,0.010374427855735346
TabPFN,Gambia_DHS_2019_2020,v040,0.006756778120102535
TabPFN,Gambia_DHS_2019_2020,h22,0.005300942391762042
TabPFN,Gambia_DHS_2019_2020,h11,3.044938185592372e-06
TabPFN,Gambia_DHS_2019_2020,h43,0.013249706330443622
TabPFN,Gambia_DHS_2019_2020,h34,0.0005836857360460357
TabPFN,Gambia_DHS_2019_2020,v191,0.005735166735694052
TabPFN,Gambia_DHS_2019_2020,v113,0.009008831390125139
TabPFN,Gambia_DHS_2019_2020,v116,0.009291869975256151
TabPFN,Gambia_DHS_2019_2020,v106,0.005833541526229835
TabPFN,Gambia_DHS_2019_2020,v025,0.012359727076196748
TabPFN,Gambia_DHS_2019_2020,v201,0.003988532873156214
TabPFN,Gambia_DHS_2019_2020,m13,0.00227257140114967
TabPFN,Gambia_DHS_2019_2020,v463z,0.0
TabPFN,Gambia_DHS_2019_2020,v151,-9.162406641416431e-06
LogReg,Cameroon_DHS_2018,hw1,0.2742568917984589
LogReg,Cameroon_DHS_2018,b4,0.020285566632537638
LogReg,Cameroon_DHS_2018,h31,0.014932762302814918
LogReg,Cameroon_DHS_2018,hw70,0.07312130621397633
LogReg,Cameroon_DHS_2018,v012,0.051732873626978586
LogReg,Cameroon_DHS_2018,v212,0.017565691751455267
LogReg,Cameroon_DHS_2018,hw72,0.06861951332529248
LogReg,Cameroon_DHS_2018,v190,0.050490575024591866
LogReg,Cameroon_DHS_2018,v040,0.12170343618963435
LogReg,Cameroon_DHS_2018,h22,0.05237766327341484
LogReg,Cameroon_DHS_2018,h11,0.013648638942853975
LogReg,Cameroon_DHS_2018,h43,0.020104395588662012
LogReg,Cameroon_DHS_2018,h34,0.011100056128371298
LogReg,Cameroon_DHS_2018,v191,0.08505183121129464
LogReg,Cameroon_DHS_2018,v113,0.022362293197392816
LogReg,Cameroon_DHS_2018,v116,0.042651030825714795
LogReg,Cameroon_DHS_2018,v106,0.05322410738957966
LogReg,Cameroon_DHS_2018,v025,0.04976391044827085
LogReg,Cameroon_DHS_2018,v201,0.045370190214332216
LogReg,Cameroon_DHS_2018,m13,0.00860328913771096
LogReg,Cameroon_DHS_2018,v463z,0.00021594602719823106
LogReg,Cameroon_DHS_2018,v151,0.002772821602354374
LightGBM,Cameroon_DHS_2018,hw1,0.4007731116742915
LightGBM,Cameroon_DHS_2018,b4,0.025009971578545336
LightGBM,Cameroon_DHS_2018,h31,0.008967375509115727
LightGBM,Cameroon_DHS_2018,hw70,0.1876137818472537
LightGBM,Cameroon_DHS_2018,v012,0.11311876025832969
LightGBM,Cameroon_DHS_2018,v212,0.07854936890285007
LightGBM,Cameroon_DHS_2018,hw72,0.132215599122007
LightGBM,Cameroon_DHS_2018,v190,0.01636656680025623
LightGBM,Cameroon_DHS_2018,v040,0.1817254522901535
LightGBM,Cameroon_DHS_2018,h22,0.07578995773344771
LightGBM,Cameroon_DHS_2018,h11,0.018337810819285445
LightGBM,Cameroon_DHS_2018,h43,0.03158842212502167
LightGBM,Cameroon_DHS_2018,h34,0.03720482083698292
LightGBM,Cameroon_DHS_2018,v191,0.21372251133175943
LightGBM,Cameroon_DHS_2018,v113,0.07516643551060044
LightGBM,Cameroon_DHS_2018,v116,0.04490197442026846
LightGBM,Cameroon_DHS_2018,v106,0.10400598977537408
LightGBM,Cameroon_DHS_2018,v025,0.0141264494033062
LightGBM,Cameroon_DHS_2018,v201,0.06017800380806357
LightGBM,Cameroon_DHS_2018,m13,0.04501620259806768
LightGBM,Cameroon_DHS_2018,v463z,0.0
LightGBM,Cameroon_DHS_2018,v151,0.016689348771703215
XGBoost,Cameroon_DHS_2018,hw1,0.3184147775173187
XGBoost,Cameroon_DHS_2018,b4,0.001490883994847536
XGBoost,Cameroon_DHS_2018,h31,0.00028889498207718134
XGBoost,Cameroon_DHS_2018,hw70,0.1173648089170456
XGBoost,Cameroon_DHS_2018,v012,0.06526508182287216
XGBoost,Cameroon_DHS_2018,v212,0.02352542243897915
XGBoost,Cameroon_DHS_2018,hw72,0.07009682804346085
XGBoost,Cameroon_DHS_2018,v190,0.003513697301968932
XGBoost,Cameroon_DHS_2018,v040,0.12807852029800415
XGBoost,Cameroon_DHS_2018,h22,0.05243247002363205
XGBoost,Cameroon_DHS_2018,h11,0.005431388970464468
XGBoost,Cameroon_DHS_2018,h43,0.012027734890580177
XGBoost,Cameroon_DHS_2018,h34,0.0021228331606835127
XGBoost,Cameroon_DHS_2018,v191,0.18791699409484863
XGBoost,Cameroon_DHS_2018,v113,0.04532052204012871
XGBoost,Cameroon_DHS_2018,v116,0.012714344076812267
XGBoost,Cameroon_DHS_2018,v106,0.05802939087152481
XGBoost,Cameroon_DHS_2018,v025,0.005083813332021236
XGBoost,Cameroon_DHS_2018,v201,0.018641440197825432
XGBoost,Cameroon_DHS_2018,m13,0.006743565667420626
XGBoost,Cameroon_DHS_2018,v463z,0.0
XGBoost,Cameroon_DHS_2018,v151,0.0
TabPFN,Cameroon_DHS_2018,hw1,0.023797886800234692
TabPFN,Cameroon_DHS_2018,b4,9.02204734786638e-05
TabPFN,Cameroon_DHS_2018,h31,0.0013746564000515216
TabPFN,Cameroon_DHS_2018,hw70,0.0006268099659492377
TabPFN,Cameroon_DHS_2018,v012,0.001233831445730149
TabPFN,Cameroon_DHS_2018,v212,0.00036180324276176014
TabPFN,Cameroon_DHS_2018,hw72,-0.000672027467719527
TabPFN,Cameroon_DHS_2018,v190,-0.0072792171486862674
TabPFN,Cameroon_DHS_2018,v040,-0.007864542293989163
TabPFN,Cameroon_DHS_2018,h22,0.0027694456564087756
TabPFN,Cameroon_DHS_2018,h11,-0.0013238020696412001
TabPFN,Cameroon_DHS_2018,h43,-0.0025732282774662664
TabPFN,Cameroon_DHS_2018,h34,0.0007232837839026951
TabPFN,Cameroon_DHS_2018,v191,-0.0005723146300335103
TabPFN,Cameroon_DHS_2018,v113,-0.002869622786661452
TabPFN,Cameroon_DHS_2018,v116,-0.0012679479348792545
TabPFN,Cameroon_DHS_2018,v106,6.542936307489811e-05
TabPFN,Cameroon_DHS_2018,v025,-0.0015331353668400327
TabPFN,Cameroon_DHS_2018,v201,-0.004321434375070621
TabPFN,Cameroon_DHS_2018,m13,0.0006711188822995373
TabPFN,Cameroon_DHS_2018,v463z,0.0006880832580742346
TabPFN,Cameroon_DHS_2018,v151,0.0014452132866492827
LogReg,Mali_DHS_2023_2024,hw1,0.38925522571403043
LogReg,Mali_DHS_2023_2024,b4,0.044837429480741355
LogReg,Mali_DHS_2023_2024,h31,0.00018573405595646682
LogReg,Mali_DHS_2023_2024,hw70,0.1720351899837083
LogReg,Mali_DHS_2023_2024,v012,0.0891459101394884
LogReg,Mali_DHS_2023_2024,v212,0.017985778336270634
LogReg,Mali_DHS_2023_2024,hw72,0.009967483730301522
LogReg,Mali_DHS_2023_2024,v190,0.04614939553748007
LogReg,Mali_DHS_2023_2024,v040,0.03260846220551827
LogReg,Mali_DHS_2023_2024,h22,0.010889742036598857
LogReg,Mali_DHS_2023_2024,h11,0.007141102546505693
LogReg,Mali_DHS_2023_2024,h43,0.001566887736995683
LogReg,Mali_DHS_2023_2024,h34,0.004771494641066792
LogReg,Mali_DHS_2023_2024,v191,0.10225073879795811
LogReg,Mali_DHS_2023_2024,v113,0.0023505395438606458
LogReg,Mali_DHS_2023_2024,v116,0.016150967705588822
LogReg,Mali_DHS_2023_2024,v106,0.1688345835576189
LogReg,Mali_DHS_2023_2024,v025,0.006427337511280132
LogReg,Mali_DHS_2023_2024,v201,0.013835657532521358
LogReg,Mali_DHS_2023_2024,m13,0.0014070114574119942
LogReg,Mali_DHS_2023_2024,v463z,0.00062354568427953
LogReg,Mali_DHS_2023_2024,v151,0.005259658056106208
LightGBM,Mali_DHS_2023_2024,hw1,0.4577324217389531
LightGBM,Mali_DHS_2023_2024,b4,0.030766052416817395
LightGBM,Mali_DHS_2023_2024,h31,0.00879657457698509
LightGBM,Mali_DHS_2023_2024,hw70,0.19875792138809484
LightGBM,Mali_DHS_2023_2024,v012,0.0917256381270451
LightGBM,Mali_DHS_2023_2024,v212,0.06463330776585725
LightGBM,Mali_DHS_2023_2024,hw72,0.08301594958944311
LightGBM,Mali_DHS_2023_2024,v190,0.004978653793254749
LightGBM,Mali_DHS_2023_2024,v040,0.1152482992562022
LightGBM,Mali_DHS_2023_2024,h22,0.009510494779274913
LightGBM,Mali_DHS_2023_2024,h11,0.006750733024553223
LightGBM,Mali_DHS_2023_2024,h43,0.009677847030186456
LightGBM,Mali_DHS_2023_2024,h34,0.01616823652707231
LightGBM,Mali_DHS_2023_2024,v191,0.07066582049100659
LightGBM,Mali_DHS_2023_2024,v113,0.049463488145626795
LightGBM,Mali_DHS_2023_2024,v116,0.03474935562260696
LightGBM,Mali_DHS_2023_2024,v106,0.1449558854462974
LightGBM,Mali_DHS_2023_2024,v025,0.01324732898709083
LightGBM,Mali_DHS_2023_2024,v201,0.015287432803269342
LightGBM,Mali_DHS_2023_2024,m13,0.061536861481647234
LightGBM,Mali_DHS_2023_2024,v463z,0.0010959970448910549
LightGBM,Mali_DHS_2023_2024,v151,0.008862258339494517
XGBoost,Mali_DHS_2023_2024,hw1,0.4071836471557617
XGBoost,Mali_DHS_2023_2024,b4,0.017657902091741562
XGBoost,Mali_DHS_2023_2024,h31,0.0027981207240372896
XGBoost,Mali_DHS_2023_2024,hw70,0.16477850079536438
XGBoost,Mali_DHS_2023_2024,v012,0.07283686101436615
XGBoost,Mali_DHS_2023_2024,v212,0.03015281818807125
XGBoost,Mali_DHS_2023_2024,hw72,0.037589021027088165
XGBoost,Mali_DHS_2023_2024,v190,0.004774545319378376
XGBoost,Mali_DHS_2023_2024,v040,0.06191336736083031
XGBoost,Mali_DHS_2023_2024,h22,0.002138877520337701
XGBoost,Mali_DHS_2023_2024,h11,0.0
XGBoost,Mali_DHS_2023_2024,h43,0.0019019702449440956
XGBoost,Mali_DHS_2023_2024,h34,0.002533777616918087
XGBoost,Mali_DHS_2023_2024,v191,0.05229789391160011
XGBoost,Mali_DHS_2023_2024,v113,0.029918700456619263
XGBoost,Mali_DHS_2023_2024,v116,0.01889650896191597
XGBoost,Mali_DHS_2023_2024,v106,0.1295948028564453
XGBoost,Mali_DHS_2023_2024,v025,0.0016893598949536681
XGBoost,Mali_DHS_2023_2024,v201,0.0
XGBoost,Mali_DHS_2023_2024,m13,0.026209363713860512
XGBoost,Mali_DHS_2023_2024,v463z,0.0
XGBoost,Mali_DHS_2023_2024,v151,0.0
TabPFN,Mali_DHS_2023_2024,hw1,0.012576107839449934
TabPFN,Mali_DHS_2023_2024,b4,0.001322694319527007
TabPFN,Mali_DHS_2023_2024,h31,-8.027552632261514e-05
TabPFN,Mali_DHS_2023_2024,hw70,0.004412628175763445
TabPFN,Mali_DHS_2023_2024,v012,0.0012535781895183008
TabPFN,Mali_DHS_2023_2024,v212,7.514670012345181e-05
TabPFN,Mali_DHS_2023_2024,hw72,0.0007037195665172025
TabPFN,Mali_DHS_2023_2024,v190,-0.00023733113210089307
TabPFN,Mali_DHS_2023_2024,v040,0.001417555643194035
TabPFN,Mali_DHS_2023_2024,h22,-0.0002975151021253009
TabPFN,Mali_DHS_2023_2024,h11,0.00048666712676386225
TabPFN,Mali_DHS_2023_2024,h43,-0.00045816877148088244
TabPFN,Mali_DHS_2023_2024,h34,-0.00030264898810290487
TabPFN,Mali_DHS_2023_2024,v191,0.0015864762929919118
TabPFN,Mali_DHS_2023_2024,v113,0.0015217448694581526
TabPFN,Mali_DHS_2023_2024,v116,-0.0003788766597498938
TabPFN,Mali_DHS_2023_2024,v106,0.0054334680956249935
TabPFN,Mali_DHS_2023_2024,v025,0.000836116042411117
TabPFN,Mali_DHS_2023_2024,v201,0.000727087899457124
TabPFN,Mali_DHS_2023_2024,m13,0.0009271868333427635
TabPFN,Mali_DHS_2023_2024,v463z,0.0
TabPFN,Mali_DHS_2023_2024,v151,-0.00013710222585825438
